attack,class_id,class_name,correct,total,acc,acc_pct,group,method,method_short,seed,checkpoint
fgsm_rs,0,airplane,758,1000,0.758,75.8,fgsm_rs x airplane,PGD-AT,singlePGD,73,/content/drive/MyDrive/ardg_project/FINAL/single_at_pgd_linf/single_at_pgd_linf_seed73_best.pt
fgsm_rs,1,automobile,859,1000,0.859,85.9,fgsm_rs x automobile,PGD-AT,singlePGD,73,/content/drive/MyDrive/ardg_project/FINAL/single_at_pgd_linf/single_at_pgd_linf_seed73_best.pt
fgsm_rs,2,bird,503,1000,0.503,50.3,fgsm_rs x bird,PGD-AT,singlePGD,73,/content/drive/MyDrive/ardg_project/FINAL/single_at_pgd_linf/single_at_pgd_linf_seed73_best.pt
fgsm_rs,3,cat,378,1000,0.378,37.8,fgsm_rs x cat,PGD-AT,singlePGD,73,/content/drive/MyDrive/ardg_project/FINAL/single_at_pgd_linf/single_at_pgd_linf_seed73_best.pt
fgsm_rs,4,deer,530,1000,0.53,53.0,fgsm_rs x deer,PGD-AT,singlePGD,73,/content/drive/MyDrive/ardg_project/FINAL/single_at_pgd_linf/single_at_pgd_linf_seed73_best.pt
fgsm_rs,5,dog,575,1000,0.575,57.49999999999999,fgsm_rs x dog,PGD-AT,singlePGD,73,/content/drive/MyDrive/ardg_project/FINAL/single_at_pgd_linf/single_at_pgd_linf_seed73_best.pt
fgsm_rs,6,frog,784,1000,0.784,78.4,fgsm_rs x frog,PGD-AT,singlePGD,73,/content/drive/MyDrive/ardg_project/FINAL/single_at_pgd_linf/single_at_pgd_linf_seed73_best.pt
fgsm_rs,7,horse,793,1000,0.793,79.3,fgsm_rs x horse,PGD-AT,singlePGD,73,/content/drive/MyDrive/ardg_project/FINAL/single_at_pgd_linf/single_at_pgd_linf_seed73_best.pt
fgsm_rs,8,ship,862,1000,0.862,86.2,fgsm_rs x ship,PGD-AT,singlePGD,73,/content/drive/MyDrive/ardg_project/FINAL/single_at_pgd_linf/single_at_pgd_linf_seed73_best.pt
fgsm_rs,9,truck,812,1000,0.812,81.2,fgsm_rs x truck,PGD-AT,singlePGD,73,/content/drive/MyDrive/ardg_project/FINAL/single_at_pgd_linf/single_at_pgd_linf_seed73_best.pt
pgd20_ce,0,airplane,572,1000,0.572,57.199999999999996,pgd20_ce x airplane,PGD-AT,singlePGD,73,/content/drive/MyDrive/ardg_project/FINAL/single_at_pgd_linf/single_at_pgd_linf_seed73_best.pt
pgd20_ce,1,automobile,717,1000,0.717,71.7,pgd20_ce x automobile,PGD-AT,singlePGD,73,/content/drive/MyDrive/ardg_project/FINAL/single_at_pgd_linf/single_at_pgd_linf_seed73_best.pt
pgd20_ce,2,bird,323,1000,0.323,32.300000000000004,pgd20_ce x bird,PGD-AT,singlePGD,73,/content/drive/MyDrive/ardg_project/FINAL/single_at_pgd_linf/single_at_pgd_linf_seed73_best.pt
pgd20_ce,3,cat,184,1000,0.184,18.4,pgd20_ce x cat,PGD-AT,singlePGD,73,/content/drive/MyDrive/ardg_project/FINAL/single_at_pgd_linf/single_at_pgd_linf_seed73_best.pt
pgd20_ce,4,deer,277,1000,0.277,27.700000000000003,pgd20_ce x deer,PGD-AT,singlePGD,73,/content/drive/MyDrive/ardg_project/FINAL/single_at_pgd_linf/single_at_pgd_linf_seed73_best.pt
pgd20_ce,5,dog,401,1000,0.401,40.1,pgd20_ce x dog,PGD-AT,singlePGD,73,/content/drive/MyDrive/ardg_project/FINAL/single_at_pgd_linf/single_at_pgd_linf_seed73_best.pt
pgd20_ce,6,frog,548,1000,0.548,54.800000000000004,pgd20_ce x frog,PGD-AT,singlePGD,73,/content/drive/MyDrive/ardg_project/FINAL/single_at_pgd_linf/single_at_pgd_linf_seed73_best.pt
pgd20_ce,7,horse,633,1000,0.633,63.3,pgd20_ce x horse,PGD-AT,singlePGD,73,/content/drive/MyDrive/ardg_project/FINAL/single_at_pgd_linf/single_at_pgd_linf_seed73_best.pt
pgd20_ce,8,ship,657,1000,0.657,65.7,pgd20_ce x ship,PGD-AT,singlePGD,73,/content/drive/MyDrive/ardg_project/FINAL/single_at_pgd_linf/single_at_pgd_linf_seed73_best.pt
pgd20_ce,9,truck,618,1000,0.618,61.8,pgd20_ce x truck,PGD-AT,singlePGD,73,/content/drive/MyDrive/ardg_project/FINAL/single_at_pgd_linf/single_at_pgd_linf_seed73_best.pt
tpgd,0,airplane,749,1000,0.749,74.9,tpgd x airplane,PGD-AT,singlePGD,73,/content/drive/MyDrive/ardg_project/FINAL/single_at_pgd_linf/single_at_pgd_linf_seed73_best.pt
tpgd,1,automobile,852,1000,0.852,85.2,tpgd x automobile,PGD-AT,singlePGD,73,/content/drive/MyDrive/ardg_project/FINAL/single_at_pgd_linf/single_at_pgd_linf_seed73_best.pt
tpgd,2,bird,548,1000,0.548,54.800000000000004,tpgd x bird,PGD-AT,singlePGD,73,/content/drive/MyDrive/ardg_project/FINAL/single_at_pgd_linf/single_at_pgd_linf_seed73_best.pt
tpgd,3,cat,411,1000,0.411,41.099999999999994,tpgd x cat,PGD-AT,singlePGD,73,/content/drive/MyDrive/ardg_project/FINAL/single_at_pgd_linf/single_at_pgd_linf_seed73_best.pt
tpgd,4,deer,498,1000,0.498,49.8,tpgd x deer,PGD-AT,singlePGD,73,/content/drive/MyDrive/ardg_project/FINAL/single_at_pgd_linf/single_at_pgd_linf_seed73_best.pt
tpgd,5,dog,587,1000,0.587,58.699999999999996,tpgd x dog,PGD-AT,singlePGD,73,/content/drive/MyDrive/ardg_project/FINAL/single_at_pgd_linf/single_at_pgd_linf_seed73_best.pt
tpgd,6,frog,754,1000,0.754,75.4,tpgd x frog,PGD-AT,singlePGD,73,/content/drive/MyDrive/ardg_project/FINAL/single_at_pgd_linf/single_at_pgd_linf_seed73_best.pt
tpgd,7,horse,793,1000,0.793,79.3,tpgd x horse,PGD-AT,singlePGD,73,/content/drive/MyDrive/ardg_project/FINAL/single_at_pgd_linf/single_at_pgd_linf_seed73_best.pt
tpgd,8,ship,815,1000,0.815,81.5,tpgd x ship,PGD-AT,singlePGD,73,/content/drive/MyDrive/ardg_project/FINAL/single_at_pgd_linf/single_at_pgd_linf_seed73_best.pt
tpgd,9,truck,775,1000,0.775,77.5,tpgd x truck,PGD-AT,singlePGD,73,/content/drive/MyDrive/ardg_project/FINAL/single_at_pgd_linf/single_at_pgd_linf_seed73_best.pt
mifgsm,0,airplane,582,1000,0.582,58.199999999999996,mifgsm x airplane,PGD-AT,singlePGD,73,/content/drive/MyDrive/ardg_project/FINAL/single_at_pgd_linf/single_at_pgd_linf_seed73_best.pt
mifgsm,1,automobile,731,1000,0.731,73.1,mifgsm x automobile,PGD-AT,singlePGD,73,/content/drive/MyDrive/ardg_project/FINAL/single_at_pgd_linf/single_at_pgd_linf_seed73_best.pt
mifgsm,2,bird,341,1000,0.341,34.1,mifgsm x bird,PGD-AT,singlePGD,73,/content/drive/MyDrive/ardg_project/FINAL/single_at_pgd_linf/single_at_pgd_linf_seed73_best.pt
mifgsm,3,cat,203,1000,0.203,20.3,mifgsm x cat,PGD-AT,singlePGD,73,/content/drive/MyDrive/ardg_project/FINAL/single_at_pgd_linf/single_at_pgd_linf_seed73_best.pt
mifgsm,4,deer,299,1000,0.299,29.9,mifgsm x deer,PGD-AT,singlePGD,73,/content/drive/MyDrive/ardg_project/FINAL/single_at_pgd_linf/single_at_pgd_linf_seed73_best.pt
mifgsm,5,dog,408,1000,0.408,40.8,mifgsm x dog,PGD-AT,singlePGD,73,/content/drive/MyDrive/ardg_project/FINAL/single_at_pgd_linf/single_at_pgd_linf_seed73_best.pt
mifgsm,6,frog,571,1000,0.571,57.099999999999994,mifgsm x frog,PGD-AT,singlePGD,73,/content/drive/MyDrive/ardg_project/FINAL/single_at_pgd_linf/single_at_pgd_linf_seed73_best.pt
mifgsm,7,horse,647,1000,0.647,64.7,mifgsm x horse,PGD-AT,singlePGD,73,/content/drive/MyDrive/ardg_project/FINAL/single_at_pgd_linf/single_at_pgd_linf_seed73_best.pt
mifgsm,8,ship,677,1000,0.677,67.7,mifgsm x ship,PGD-AT,singlePGD,73,/content/drive/MyDrive/ardg_project/FINAL/single_at_pgd_linf/single_at_pgd_linf_seed73_best.pt
mifgsm,9,truck,635,1000,0.635,63.5,mifgsm x truck,PGD-AT,singlePGD,73,/content/drive/MyDrive/ardg_project/FINAL/single_at_pgd_linf/single_at_pgd_linf_seed73_best.pt
pgd_l2,0,airplane,700,1000,0.7,70.0,pgd_l2 x airplane,PGD-AT,singlePGD,73,/content/drive/MyDrive/ardg_project/FINAL/single_at_pgd_linf/single_at_pgd_linf_seed73_best.pt
pgd_l2,1,automobile,818,1000,0.818,81.8,pgd_l2 x automobile,PGD-AT,singlePGD,73,/content/drive/MyDrive/ardg_project/FINAL/single_at_pgd_linf/single_at_pgd_linf_seed73_best.pt
pgd_l2,2,bird,473,1000,0.473,47.3,pgd_l2 x bird,PGD-AT,singlePGD,73,/content/drive/MyDrive/ardg_project/FINAL/single_at_pgd_linf/single_at_pgd_linf_seed73_best.pt
pgd_l2,3,cat,338,1000,0.338,33.800000000000004,pgd_l2 x cat,PGD-AT,singlePGD,73,/content/drive/MyDrive/ardg_project/FINAL/single_at_pgd_linf/single_at_pgd_linf_seed73_best.pt
pgd_l2,4,deer,479,1000,0.479,47.9,pgd_l2 x deer,PGD-AT,singlePGD,73,/content/drive/MyDrive/ardg_project/FINAL/single_at_pgd_linf/single_at_pgd_linf_seed73_best.pt
pgd_l2,5,dog,535,1000,0.535,53.5,pgd_l2 x dog,PGD-AT,singlePGD,73,/content/drive/MyDrive/ardg_project/FINAL/single_at_pgd_linf/single_at_pgd_linf_seed73_best.pt
pgd_l2,6,frog,744,1000,0.744,74.4,pgd_l2 x frog,PGD-AT,singlePGD,73,/content/drive/MyDrive/ardg_project/FINAL/single_at_pgd_linf/single_at_pgd_linf_seed73_best.pt
pgd_l2,7,horse,770,1000,0.77,77.0,pgd_l2 x horse,PGD-AT,singlePGD,73,/content/drive/MyDrive/ardg_project/FINAL/single_at_pgd_linf/single_at_pgd_linf_seed73_best.pt
pgd_l2,8,ship,826,1000,0.826,82.6,pgd_l2 x ship,PGD-AT,singlePGD,73,/content/drive/MyDrive/ardg_project/FINAL/single_at_pgd_linf/single_at_pgd_linf_seed73_best.pt
pgd_l2,9,truck,766,1000,0.766,76.6,pgd_l2 x truck,PGD-AT,singlePGD,73,/content/drive/MyDrive/ardg_project/FINAL/single_at_pgd_linf/single_at_pgd_linf_seed73_best.pt
ddn_l2,0,airplane,650,1000,0.65,65.0,ddn_l2 x airplane,PGD-AT,singlePGD,73,/content/drive/MyDrive/ardg_project/FINAL/single_at_pgd_linf/single_at_pgd_linf_seed73_best.pt
ddn_l2,1,automobile,796,1000,0.796,79.60000000000001,ddn_l2 x automobile,PGD-AT,singlePGD,73,/content/drive/MyDrive/ardg_project/FINAL/single_at_pgd_linf/single_at_pgd_linf_seed73_best.pt
ddn_l2,2,bird,442,1000,0.442,44.2,ddn_l2 x bird,PGD-AT,singlePGD,73,/content/drive/MyDrive/ardg_project/FINAL/single_at_pgd_linf/single_at_pgd_linf_seed73_best.pt
ddn_l2,3,cat,278,1000,0.278,27.800000000000004,ddn_l2 x cat,PGD-AT,singlePGD,73,/content/drive/MyDrive/ardg_project/FINAL/single_at_pgd_linf/single_at_pgd_linf_seed73_best.pt
ddn_l2,4,deer,424,1000,0.424,42.4,ddn_l2 x deer,PGD-AT,singlePGD,73,/content/drive/MyDrive/ardg_project/FINAL/single_at_pgd_linf/single_at_pgd_linf_seed73_best.pt
ddn_l2,5,dog,500,1000,0.5,50.0,ddn_l2 x dog,PGD-AT,singlePGD,73,/content/drive/MyDrive/ardg_project/FINAL/single_at_pgd_linf/single_at_pgd_linf_seed73_best.pt
ddn_l2,6,frog,719,1000,0.719,71.89999999999999,ddn_l2 x frog,PGD-AT,singlePGD,73,/content/drive/MyDrive/ardg_project/FINAL/single_at_pgd_linf/single_at_pgd_linf_seed73_best.pt
ddn_l2,7,horse,751,1000,0.751,75.1,ddn_l2 x horse,PGD-AT,singlePGD,73,/content/drive/MyDrive/ardg_project/FINAL/single_at_pgd_linf/single_at_pgd_linf_seed73_best.pt
ddn_l2,8,ship,780,1000,0.78,78.0,ddn_l2 x ship,PGD-AT,singlePGD,73,/content/drive/MyDrive/ardg_project/FINAL/single_at_pgd_linf/single_at_pgd_linf_seed73_best.pt
ddn_l2,9,truck,731,1000,0.731,73.1,ddn_l2 x truck,PGD-AT,singlePGD,73,/content/drive/MyDrive/ardg_project/FINAL/single_at_pgd_linf/single_at_pgd_linf_seed73_best.pt
deepfool_l2,0,airplane,695,1000,0.695,69.5,deepfool_l2 x airplane,PGD-AT,singlePGD,73,/content/drive/MyDrive/ardg_project/FINAL/single_at_pgd_linf/single_at_pgd_linf_seed73_best.pt
deepfool_l2,1,automobile,816,1000,0.816,81.6,deepfool_l2 x automobile,PGD-AT,singlePGD,73,/content/drive/MyDrive/ardg_project/FINAL/single_at_pgd_linf/single_at_pgd_linf_seed73_best.pt
deepfool_l2,2,bird,455,1000,0.455,45.5,deepfool_l2 x bird,PGD-AT,singlePGD,73,/content/drive/MyDrive/ardg_project/FINAL/single_at_pgd_linf/single_at_pgd_linf_seed73_best.pt
deepfool_l2,3,cat,283,1000,0.283,28.299999999999997,deepfool_l2 x cat,PGD-AT,singlePGD,73,/content/drive/MyDrive/ardg_project/FINAL/single_at_pgd_linf/single_at_pgd_linf_seed73_best.pt
deepfool_l2,4,deer,428,1000,0.428,42.8,deepfool_l2 x deer,PGD-AT,singlePGD,73,/content/drive/MyDrive/ardg_project/FINAL/single_at_pgd_linf/single_at_pgd_linf_seed73_best.pt
deepfool_l2,5,dog,522,1000,0.522,52.2,deepfool_l2 x dog,PGD-AT,singlePGD,73,/content/drive/MyDrive/ardg_project/FINAL/single_at_pgd_linf/single_at_pgd_linf_seed73_best.pt
deepfool_l2,6,frog,732,1000,0.732,73.2,deepfool_l2 x frog,PGD-AT,singlePGD,73,/content/drive/MyDrive/ardg_project/FINAL/single_at_pgd_linf/single_at_pgd_linf_seed73_best.pt
deepfool_l2,7,horse,766,1000,0.766,76.6,deepfool_l2 x horse,PGD-AT,singlePGD,73,/content/drive/MyDrive/ardg_project/FINAL/single_at_pgd_linf/single_at_pgd_linf_seed73_best.pt
deepfool_l2,8,ship,823,1000,0.823,82.3,deepfool_l2 x ship,PGD-AT,singlePGD,73,/content/drive/MyDrive/ardg_project/FINAL/single_at_pgd_linf/single_at_pgd_linf_seed73_best.pt
deepfool_l2,9,truck,763,1000,0.763,76.3,deepfool_l2 x truck,PGD-AT,singlePGD,73,/content/drive/MyDrive/ardg_project/FINAL/single_at_pgd_linf/single_at_pgd_linf_seed73_best.pt
cw_l2,0,airplane,693,1000,0.693,69.3,cw_l2 x airplane,PGD-AT,singlePGD,73,/content/drive/MyDrive/ardg_project/FINAL/single_at_pgd_linf/single_at_pgd_linf_seed73_best.pt
cw_l2,1,automobile,829,1000,0.829,82.89999999999999,cw_l2 x automobile,PGD-AT,singlePGD,73,/content/drive/MyDrive/ardg_project/FINAL/single_at_pgd_linf/single_at_pgd_linf_seed73_best.pt
cw_l2,2,bird,454,1000,0.454,45.4,cw_l2 x bird,PGD-AT,singlePGD,73,/content/drive/MyDrive/ardg_project/FINAL/single_at_pgd_linf/single_at_pgd_linf_seed73_best.pt
cw_l2,3,cat,294,1000,0.294,29.4,cw_l2 x cat,PGD-AT,singlePGD,73,/content/drive/MyDrive/ardg_project/FINAL/single_at_pgd_linf/single_at_pgd_linf_seed73_best.pt
cw_l2,4,deer,423,1000,0.423,42.3,cw_l2 x deer,PGD-AT,singlePGD,73,/content/drive/MyDrive/ardg_project/FINAL/single_at_pgd_linf/single_at_pgd_linf_seed73_best.pt
cw_l2,5,dog,534,1000,0.534,53.400000000000006,cw_l2 x dog,PGD-AT,singlePGD,73,/content/drive/MyDrive/ardg_project/FINAL/single_at_pgd_linf/single_at_pgd_linf_seed73_best.pt
cw_l2,6,frog,726,1000,0.726,72.6,cw_l2 x frog,PGD-AT,singlePGD,73,/content/drive/MyDrive/ardg_project/FINAL/single_at_pgd_linf/single_at_pgd_linf_seed73_best.pt
cw_l2,7,horse,769,1000,0.769,76.9,cw_l2 x horse,PGD-AT,singlePGD,73,/content/drive/MyDrive/ardg_project/FINAL/single_at_pgd_linf/single_at_pgd_linf_seed73_best.pt
cw_l2,8,ship,827,1000,0.827,82.69999999999999,cw_l2 x ship,PGD-AT,singlePGD,73,/content/drive/MyDrive/ardg_project/FINAL/single_at_pgd_linf/single_at_pgd_linf_seed73_best.pt
cw_l2,9,truck,771,1000,0.771,77.10000000000001,cw_l2 x truck,PGD-AT,singlePGD,73,/content/drive/MyDrive/ardg_project/FINAL/single_at_pgd_linf/single_at_pgd_linf_seed73_best.pt
fgsm_rs,0,airplane,735,1000,0.735,73.5,fgsm_rs x airplane,PGD-AT,singlePGD,202,/content/drive/MyDrive/ardg_project/FINAL/single_at_pgd_linf/single_at_pgd_linf_seed202_best.pt
fgsm_rs,1,automobile,865,1000,0.865,86.5,fgsm_rs x automobile,PGD-AT,singlePGD,202,/content/drive/MyDrive/ardg_project/FINAL/single_at_pgd_linf/single_at_pgd_linf_seed202_best.pt
fgsm_rs,2,bird,500,1000,0.5,50.0,fgsm_rs x bird,PGD-AT,singlePGD,202,/content/drive/MyDrive/ardg_project/FINAL/single_at_pgd_linf/single_at_pgd_linf_seed202_best.pt
fgsm_rs,3,cat,374,1000,0.374,37.4,fgsm_rs x cat,PGD-AT,singlePGD,202,/content/drive/MyDrive/ardg_project/FINAL/single_at_pgd_linf/single_at_pgd_linf_seed202_best.pt
fgsm_rs,4,deer,552,1000,0.552,55.2,fgsm_rs x deer,PGD-AT,singlePGD,202,/content/drive/MyDrive/ardg_project/FINAL/single_at_pgd_linf/single_at_pgd_linf_seed202_best.pt
fgsm_rs,5,dog,569,1000,0.569,56.89999999999999,fgsm_rs x dog,PGD-AT,singlePGD,202,/content/drive/MyDrive/ardg_project/FINAL/single_at_pgd_linf/single_at_pgd_linf_seed202_best.pt
fgsm_rs,6,frog,783,1000,0.783,78.3,fgsm_rs x frog,PGD-AT,singlePGD,202,/content/drive/MyDrive/ardg_project/FINAL/single_at_pgd_linf/single_at_pgd_linf_seed202_best.pt
fgsm_rs,7,horse,777,1000,0.777,77.7,fgsm_rs x horse,PGD-AT,singlePGD,202,/content/drive/MyDrive/ardg_project/FINAL/single_at_pgd_linf/single_at_pgd_linf_seed202_best.pt
fgsm_rs,8,ship,862,1000,0.862,86.2,fgsm_rs x ship,PGD-AT,singlePGD,202,/content/drive/MyDrive/ardg_project/FINAL/single_at_pgd_linf/single_at_pgd_linf_seed202_best.pt
fgsm_rs,9,truck,799,1000,0.799,79.9,fgsm_rs x truck,PGD-AT,singlePGD,202,/content/drive/MyDrive/ardg_project/FINAL/single_at_pgd_linf/single_at_pgd_linf_seed202_best.pt
pgd20_ce,0,airplane,575,1000,0.575,57.49999999999999,pgd20_ce x airplane,PGD-AT,singlePGD,202,/content/drive/MyDrive/ardg_project/FINAL/single_at_pgd_linf/single_at_pgd_linf_seed202_best.pt
pgd20_ce,1,automobile,725,1000,0.725,72.5,pgd20_ce x automobile,PGD-AT,singlePGD,202,/content/drive/MyDrive/ardg_project/FINAL/single_at_pgd_linf/single_at_pgd_linf_seed202_best.pt
pgd20_ce,2,bird,314,1000,0.314,31.4,pgd20_ce x bird,PGD-AT,singlePGD,202,/content/drive/MyDrive/ardg_project/FINAL/single_at_pgd_linf/single_at_pgd_linf_seed202_best.pt
pgd20_ce,3,cat,191,1000,0.191,19.1,pgd20_ce x cat,PGD-AT,singlePGD,202,/content/drive/MyDrive/ardg_project/FINAL/single_at_pgd_linf/single_at_pgd_linf_seed202_best.pt
pgd20_ce,4,deer,279,1000,0.279,27.900000000000002,pgd20_ce x deer,PGD-AT,singlePGD,202,/content/drive/MyDrive/ardg_project/FINAL/single_at_pgd_linf/single_at_pgd_linf_seed202_best.pt
pgd20_ce,5,dog,403,1000,0.403,40.300000000000004,pgd20_ce x dog,PGD-AT,singlePGD,202,/content/drive/MyDrive/ardg_project/FINAL/single_at_pgd_linf/single_at_pgd_linf_seed202_best.pt
pgd20_ce,6,frog,561,1000,0.561,56.10000000000001,pgd20_ce x frog,PGD-AT,singlePGD,202,/content/drive/MyDrive/ardg_project/FINAL/single_at_pgd_linf/single_at_pgd_linf_seed202_best.pt
pgd20_ce,7,horse,627,1000,0.627,62.7,pgd20_ce x horse,PGD-AT,singlePGD,202,/content/drive/MyDrive/ardg_project/FINAL/single_at_pgd_linf/single_at_pgd_linf_seed202_best.pt
pgd20_ce,8,ship,673,1000,0.673,67.30000000000001,pgd20_ce x ship,PGD-AT,singlePGD,202,/content/drive/MyDrive/ardg_project/FINAL/single_at_pgd_linf/single_at_pgd_linf_seed202_best.pt
pgd20_ce,9,truck,621,1000,0.621,62.1,pgd20_ce x truck,PGD-AT,singlePGD,202,/content/drive/MyDrive/ardg_project/FINAL/single_at_pgd_linf/single_at_pgd_linf_seed202_best.pt
tpgd,0,airplane,755,1000,0.755,75.5,tpgd x airplane,PGD-AT,singlePGD,202,/content/drive/MyDrive/ardg_project/FINAL/single_at_pgd_linf/single_at_pgd_linf_seed202_best.pt
tpgd,1,automobile,851,1000,0.851,85.1,tpgd x automobile,PGD-AT,singlePGD,202,/content/drive/MyDrive/ardg_project/FINAL/single_at_pgd_linf/single_at_pgd_linf_seed202_best.pt
tpgd,2,bird,563,1000,0.563,56.3,tpgd x bird,PGD-AT,singlePGD,202,/content/drive/MyDrive/ardg_project/FINAL/single_at_pgd_linf/single_at_pgd_linf_seed202_best.pt
tpgd,3,cat,393,1000,0.393,39.300000000000004,tpgd x cat,PGD-AT,singlePGD,202,/content/drive/MyDrive/ardg_project/FINAL/single_at_pgd_linf/single_at_pgd_linf_seed202_best.pt
tpgd,4,deer,528,1000,0.528,52.800000000000004,tpgd x deer,PGD-AT,singlePGD,202,/content/drive/MyDrive/ardg_project/FINAL/single_at_pgd_linf/single_at_pgd_linf_seed202_best.pt
tpgd,5,dog,610,1000,0.61,61.0,tpgd x dog,PGD-AT,singlePGD,202,/content/drive/MyDrive/ardg_project/FINAL/single_at_pgd_linf/single_at_pgd_linf_seed202_best.pt
tpgd,6,frog,762,1000,0.762,76.2,tpgd x frog,PGD-AT,singlePGD,202,/content/drive/MyDrive/ardg_project/FINAL/single_at_pgd_linf/single_at_pgd_linf_seed202_best.pt
tpgd,7,horse,773,1000,0.773,77.3,tpgd x horse,PGD-AT,singlePGD,202,/content/drive/MyDrive/ardg_project/FINAL/single_at_pgd_linf/single_at_pgd_linf_seed202_best.pt
tpgd,8,ship,828,1000,0.828,82.8,tpgd x ship,PGD-AT,singlePGD,202,/content/drive/MyDrive/ardg_project/FINAL/single_at_pgd_linf/single_at_pgd_linf_seed202_best.pt
tpgd,9,truck,782,1000,0.782,78.2,tpgd x truck,PGD-AT,singlePGD,202,/content/drive/MyDrive/ardg_project/FINAL/single_at_pgd_linf/single_at_pgd_linf_seed202_best.pt
mifgsm,0,airplane,587,1000,0.587,58.699999999999996,mifgsm x airplane,PGD-AT,singlePGD,202,/content/drive/MyDrive/ardg_project/FINAL/single_at_pgd_linf/single_at_pgd_linf_seed202_best.pt
mifgsm,1,automobile,732,1000,0.732,73.2,mifgsm x automobile,PGD-AT,singlePGD,202,/content/drive/MyDrive/ardg_project/FINAL/single_at_pgd_linf/single_at_pgd_linf_seed202_best.pt
mifgsm,2,bird,329,1000,0.329,32.9,mifgsm x bird,PGD-AT,singlePGD,202,/content/drive/MyDrive/ardg_project/FINAL/single_at_pgd_linf/single_at_pgd_linf_seed202_best.pt
mifgsm,3,cat,207,1000,0.207,20.7,mifgsm x cat,PGD-AT,singlePGD,202,/content/drive/MyDrive/ardg_project/FINAL/single_at_pgd_linf/single_at_pgd_linf_seed202_best.pt
mifgsm,4,deer,313,1000,0.313,31.3,mifgsm x deer,PGD-AT,singlePGD,202,/content/drive/MyDrive/ardg_project/FINAL/single_at_pgd_linf/single_at_pgd_linf_seed202_best.pt
mifgsm,5,dog,413,1000,0.413,41.3,mifgsm x dog,PGD-AT,singlePGD,202,/content/drive/MyDrive/ardg_project/FINAL/single_at_pgd_linf/single_at_pgd_linf_seed202_best.pt
mifgsm,6,frog,581,1000,0.581,58.099999999999994,mifgsm x frog,PGD-AT,singlePGD,202,/content/drive/MyDrive/ardg_project/FINAL/single_at_pgd_linf/single_at_pgd_linf_seed202_best.pt
mifgsm,7,horse,635,1000,0.635,63.5,mifgsm x horse,PGD-AT,singlePGD,202,/content/drive/MyDrive/ardg_project/FINAL/single_at_pgd_linf/single_at_pgd_linf_seed202_best.pt
mifgsm,8,ship,690,1000,0.69,69.0,mifgsm x ship,PGD-AT,singlePGD,202,/content/drive/MyDrive/ardg_project/FINAL/single_at_pgd_linf/single_at_pgd_linf_seed202_best.pt
mifgsm,9,truck,636,1000,0.636,63.6,mifgsm x truck,PGD-AT,singlePGD,202,/content/drive/MyDrive/ardg_project/FINAL/single_at_pgd_linf/single_at_pgd_linf_seed202_best.pt
pgd_l2,0,airplane,688,1000,0.688,68.8,pgd_l2 x airplane,PGD-AT,singlePGD,202,/content/drive/MyDrive/ardg_project/FINAL/single_at_pgd_linf/single_at_pgd_linf_seed202_best.pt
pgd_l2,1,automobile,828,1000,0.828,82.8,pgd_l2 x automobile,PGD-AT,singlePGD,202,/content/drive/MyDrive/ardg_project/FINAL/single_at_pgd_linf/single_at_pgd_linf_seed202_best.pt
pgd_l2,2,bird,474,1000,0.474,47.4,pgd_l2 x bird,PGD-AT,singlePGD,202,/content/drive/MyDrive/ardg_project/FINAL/single_at_pgd_linf/single_at_pgd_linf_seed202_best.pt
pgd_l2,3,cat,320,1000,0.32,32.0,pgd_l2 x cat,PGD-AT,singlePGD,202,/content/drive/MyDrive/ardg_project/FINAL/single_at_pgd_linf/single_at_pgd_linf_seed202_best.pt
pgd_l2,4,deer,505,1000,0.505,50.5,pgd_l2 x deer,PGD-AT,singlePGD,202,/content/drive/MyDrive/ardg_project/FINAL/single_at_pgd_linf/single_at_pgd_linf_seed202_best.pt
pgd_l2,5,dog,520,1000,0.52,52.0,pgd_l2 x dog,PGD-AT,singlePGD,202,/content/drive/MyDrive/ardg_project/FINAL/single_at_pgd_linf/single_at_pgd_linf_seed202_best.pt
pgd_l2,6,frog,744,1000,0.744,74.4,pgd_l2 x frog,PGD-AT,singlePGD,202,/content/drive/MyDrive/ardg_project/FINAL/single_at_pgd_linf/single_at_pgd_linf_seed202_best.pt
pgd_l2,7,horse,757,1000,0.757,75.7,pgd_l2 x horse,PGD-AT,singlePGD,202,/content/drive/MyDrive/ardg_project/FINAL/single_at_pgd_linf/single_at_pgd_linf_seed202_best.pt
pgd_l2,8,ship,829,1000,0.829,82.89999999999999,pgd_l2 x ship,PGD-AT,singlePGD,202,/content/drive/MyDrive/ardg_project/FINAL/single_at_pgd_linf/single_at_pgd_linf_seed202_best.pt
pgd_l2,9,truck,773,1000,0.773,77.3,pgd_l2 x truck,PGD-AT,singlePGD,202,/content/drive/MyDrive/ardg_project/FINAL/single_at_pgd_linf/single_at_pgd_linf_seed202_best.pt
ddn_l2,0,airplane,647,1000,0.647,64.7,ddn_l2 x airplane,PGD-AT,singlePGD,202,/content/drive/MyDrive/ardg_project/FINAL/single_at_pgd_linf/single_at_pgd_linf_seed202_best.pt
ddn_l2,1,automobile,805,1000,0.805,80.5,ddn_l2 x automobile,PGD-AT,singlePGD,202,/content/drive/MyDrive/ardg_project/FINAL/single_at_pgd_linf/single_at_pgd_linf_seed202_best.pt
ddn_l2,2,bird,435,1000,0.435,43.5,ddn_l2 x bird,PGD-AT,singlePGD,202,/content/drive/MyDrive/ardg_project/FINAL/single_at_pgd_linf/single_at_pgd_linf_seed202_best.pt
ddn_l2,3,cat,277,1000,0.277,27.700000000000003,ddn_l2 x cat,PGD-AT,singlePGD,202,/content/drive/MyDrive/ardg_project/FINAL/single_at_pgd_linf/single_at_pgd_linf_seed202_best.pt
ddn_l2,4,deer,446,1000,0.446,44.6,ddn_l2 x deer,PGD-AT,singlePGD,202,/content/drive/MyDrive/ardg_project/FINAL/single_at_pgd_linf/single_at_pgd_linf_seed202_best.pt
ddn_l2,5,dog,487,1000,0.487,48.699999999999996,ddn_l2 x dog,PGD-AT,singlePGD,202,/content/drive/MyDrive/ardg_project/FINAL/single_at_pgd_linf/single_at_pgd_linf_seed202_best.pt
ddn_l2,6,frog,714,1000,0.714,71.39999999999999,ddn_l2 x frog,PGD-AT,singlePGD,202,/content/drive/MyDrive/ardg_project/FINAL/single_at_pgd_linf/single_at_pgd_linf_seed202_best.pt
ddn_l2,7,horse,743,1000,0.743,74.3,ddn_l2 x horse,PGD-AT,singlePGD,202,/content/drive/MyDrive/ardg_project/FINAL/single_at_pgd_linf/single_at_pgd_linf_seed202_best.pt
ddn_l2,8,ship,773,1000,0.773,77.3,ddn_l2 x ship,PGD-AT,singlePGD,202,/content/drive/MyDrive/ardg_project/FINAL/single_at_pgd_linf/single_at_pgd_linf_seed202_best.pt
ddn_l2,9,truck,735,1000,0.735,73.5,ddn_l2 x truck,PGD-AT,singlePGD,202,/content/drive/MyDrive/ardg_project/FINAL/single_at_pgd_linf/single_at_pgd_linf_seed202_best.pt
deepfool_l2,0,airplane,690,1000,0.69,69.0,deepfool_l2 x airplane,PGD-AT,singlePGD,202,/content/drive/MyDrive/ardg_project/FINAL/single_at_pgd_linf/single_at_pgd_linf_seed202_best.pt
deepfool_l2,1,automobile,826,1000,0.826,82.6,deepfool_l2 x automobile,PGD-AT,singlePGD,202,/content/drive/MyDrive/ardg_project/FINAL/single_at_pgd_linf/single_at_pgd_linf_seed202_best.pt
deepfool_l2,2,bird,451,1000,0.451,45.1,deepfool_l2 x bird,PGD-AT,singlePGD,202,/content/drive/MyDrive/ardg_project/FINAL/single_at_pgd_linf/single_at_pgd_linf_seed202_best.pt
deepfool_l2,3,cat,290,1000,0.29,28.999999999999996,deepfool_l2 x cat,PGD-AT,singlePGD,202,/content/drive/MyDrive/ardg_project/FINAL/single_at_pgd_linf/single_at_pgd_linf_seed202_best.pt
deepfool_l2,4,deer,444,1000,0.444,44.4,deepfool_l2 x deer,PGD-AT,singlePGD,202,/content/drive/MyDrive/ardg_project/FINAL/single_at_pgd_linf/single_at_pgd_linf_seed202_best.pt
deepfool_l2,5,dog,511,1000,0.511,51.1,deepfool_l2 x dog,PGD-AT,singlePGD,202,/content/drive/MyDrive/ardg_project/FINAL/single_at_pgd_linf/single_at_pgd_linf_seed202_best.pt
deepfool_l2,6,frog,734,1000,0.734,73.4,deepfool_l2 x frog,PGD-AT,singlePGD,202,/content/drive/MyDrive/ardg_project/FINAL/single_at_pgd_linf/single_at_pgd_linf_seed202_best.pt
deepfool_l2,7,horse,753,1000,0.753,75.3,deepfool_l2 x horse,PGD-AT,singlePGD,202,/content/drive/MyDrive/ardg_project/FINAL/single_at_pgd_linf/single_at_pgd_linf_seed202_best.pt
deepfool_l2,8,ship,823,1000,0.823,82.3,deepfool_l2 x ship,PGD-AT,singlePGD,202,/content/drive/MyDrive/ardg_project/FINAL/single_at_pgd_linf/single_at_pgd_linf_seed202_best.pt
deepfool_l2,9,truck,764,1000,0.764,76.4,deepfool_l2 x truck,PGD-AT,singlePGD,202,/content/drive/MyDrive/ardg_project/FINAL/single_at_pgd_linf/single_at_pgd_linf_seed202_best.pt
cw_l2,0,airplane,689,1000,0.689,68.89999999999999,cw_l2 x airplane,PGD-AT,singlePGD,202,/content/drive/MyDrive/ardg_project/FINAL/single_at_pgd_linf/single_at_pgd_linf_seed202_best.pt
cw_l2,1,automobile,831,1000,0.831,83.1,cw_l2 x automobile,PGD-AT,singlePGD,202,/content/drive/MyDrive/ardg_project/FINAL/single_at_pgd_linf/single_at_pgd_linf_seed202_best.pt
cw_l2,2,bird,451,1000,0.451,45.1,cw_l2 x bird,PGD-AT,singlePGD,202,/content/drive/MyDrive/ardg_project/FINAL/single_at_pgd_linf/single_at_pgd_linf_seed202_best.pt
cw_l2,3,cat,280,1000,0.28,28.000000000000004,cw_l2 x cat,PGD-AT,singlePGD,202,/content/drive/MyDrive/ardg_project/FINAL/single_at_pgd_linf/single_at_pgd_linf_seed202_best.pt
cw_l2,4,deer,443,1000,0.443,44.3,cw_l2 x deer,PGD-AT,singlePGD,202,/content/drive/MyDrive/ardg_project/FINAL/single_at_pgd_linf/single_at_pgd_linf_seed202_best.pt
cw_l2,5,dog,513,1000,0.513,51.300000000000004,cw_l2 x dog,PGD-AT,singlePGD,202,/content/drive/MyDrive/ardg_project/FINAL/single_at_pgd_linf/single_at_pgd_linf_seed202_best.pt
cw_l2,6,frog,725,1000,0.725,72.5,cw_l2 x frog,PGD-AT,singlePGD,202,/content/drive/MyDrive/ardg_project/FINAL/single_at_pgd_linf/single_at_pgd_linf_seed202_best.pt
cw_l2,7,horse,750,1000,0.75,75.0,cw_l2 x horse,PGD-AT,singlePGD,202,/content/drive/MyDrive/ardg_project/FINAL/single_at_pgd_linf/single_at_pgd_linf_seed202_best.pt
cw_l2,8,ship,822,1000,0.822,82.19999999999999,cw_l2 x ship,PGD-AT,singlePGD,202,/content/drive/MyDrive/ardg_project/FINAL/single_at_pgd_linf/single_at_pgd_linf_seed202_best.pt
cw_l2,9,truck,769,1000,0.769,76.9,cw_l2 x truck,PGD-AT,singlePGD,202,/content/drive/MyDrive/ardg_project/FINAL/single_at_pgd_linf/single_at_pgd_linf_seed202_best.pt
fgsm_rs,0,airplane,748,1000,0.748,74.8,fgsm_rs x airplane,PGD-AT,singlePGD,1337,/content/drive/MyDrive/ardg_project/FINAL/single_at_pgd_linf/single_at_pgd_linf_seed1337_best.pt
fgsm_rs,1,automobile,852,1000,0.852,85.2,fgsm_rs x automobile,PGD-AT,singlePGD,1337,/content/drive/MyDrive/ardg_project/FINAL/single_at_pgd_linf/single_at_pgd_linf_seed1337_best.pt
fgsm_rs,2,bird,495,1000,0.495,49.5,fgsm_rs x bird,PGD-AT,singlePGD,1337,/content/drive/MyDrive/ardg_project/FINAL/single_at_pgd_linf/single_at_pgd_linf_seed1337_best.pt
fgsm_rs,3,cat,408,1000,0.408,40.8,fgsm_rs x cat,PGD-AT,singlePGD,1337,/content/drive/MyDrive/ardg_project/FINAL/single_at_pgd_linf/single_at_pgd_linf_seed1337_best.pt
fgsm_rs,4,deer,543,1000,0.543,54.300000000000004,fgsm_rs x deer,PGD-AT,singlePGD,1337,/content/drive/MyDrive/ardg_project/FINAL/single_at_pgd_linf/single_at_pgd_linf_seed1337_best.pt
fgsm_rs,5,dog,546,1000,0.546,54.6,fgsm_rs x dog,PGD-AT,singlePGD,1337,/content/drive/MyDrive/ardg_project/FINAL/single_at_pgd_linf/single_at_pgd_linf_seed1337_best.pt
fgsm_rs,6,frog,781,1000,0.781,78.10000000000001,fgsm_rs x frog,PGD-AT,singlePGD,1337,/content/drive/MyDrive/ardg_project/FINAL/single_at_pgd_linf/single_at_pgd_linf_seed1337_best.pt
fgsm_rs,7,horse,780,1000,0.78,78.0,fgsm_rs x horse,PGD-AT,singlePGD,1337,/content/drive/MyDrive/ardg_project/FINAL/single_at_pgd_linf/single_at_pgd_linf_seed1337_best.pt
fgsm_rs,8,ship,869,1000,0.869,86.9,fgsm_rs x ship,PGD-AT,singlePGD,1337,/content/drive/MyDrive/ardg_project/FINAL/single_at_pgd_linf/single_at_pgd_linf_seed1337_best.pt
fgsm_rs,9,truck,820,1000,0.82,82.0,fgsm_rs x truck,PGD-AT,singlePGD,1337,/content/drive/MyDrive/ardg_project/FINAL/single_at_pgd_linf/single_at_pgd_linf_seed1337_best.pt
pgd20_ce,0,airplane,570,1000,0.57,56.99999999999999,pgd20_ce x airplane,PGD-AT,singlePGD,1337,/content/drive/MyDrive/ardg_project/FINAL/single_at_pgd_linf/single_at_pgd_linf_seed1337_best.pt
pgd20_ce,1,automobile,716,1000,0.716,71.6,pgd20_ce x automobile,PGD-AT,singlePGD,1337,/content/drive/MyDrive/ardg_project/FINAL/single_at_pgd_linf/single_at_pgd_linf_seed1337_best.pt
pgd20_ce,2,bird,324,1000,0.324,32.4,pgd20_ce x bird,PGD-AT,singlePGD,1337,/content/drive/MyDrive/ardg_project/FINAL/single_at_pgd_linf/single_at_pgd_linf_seed1337_best.pt
pgd20_ce,3,cat,207,1000,0.207,20.7,pgd20_ce x cat,PGD-AT,singlePGD,1337,/content/drive/MyDrive/ardg_project/FINAL/single_at_pgd_linf/single_at_pgd_linf_seed1337_best.pt
pgd20_ce,4,deer,294,1000,0.294,29.4,pgd20_ce x deer,PGD-AT,singlePGD,1337,/content/drive/MyDrive/ardg_project/FINAL/single_at_pgd_linf/single_at_pgd_linf_seed1337_best.pt
pgd20_ce,5,dog,372,1000,0.372,37.2,pgd20_ce x dog,PGD-AT,singlePGD,1337,/content/drive/MyDrive/ardg_project/FINAL/single_at_pgd_linf/single_at_pgd_linf_seed1337_best.pt
pgd20_ce,6,frog,549,1000,0.549,54.900000000000006,pgd20_ce x frog,PGD-AT,singlePGD,1337,/content/drive/MyDrive/ardg_project/FINAL/single_at_pgd_linf/single_at_pgd_linf_seed1337_best.pt
pgd20_ce,7,horse,610,1000,0.61,61.0,pgd20_ce x horse,PGD-AT,singlePGD,1337,/content/drive/MyDrive/ardg_project/FINAL/single_at_pgd_linf/single_at_pgd_linf_seed1337_best.pt
pgd20_ce,8,ship,681,1000,0.681,68.10000000000001,pgd20_ce x ship,PGD-AT,singlePGD,1337,/content/drive/MyDrive/ardg_project/FINAL/single_at_pgd_linf/single_at_pgd_linf_seed1337_best.pt
pgd20_ce,9,truck,635,1000,0.635,63.5,pgd20_ce x truck,PGD-AT,singlePGD,1337,/content/drive/MyDrive/ardg_project/FINAL/single_at_pgd_linf/single_at_pgd_linf_seed1337_best.pt
tpgd,0,airplane,749,1000,0.749,74.9,tpgd x airplane,PGD-AT,singlePGD,1337,/content/drive/MyDrive/ardg_project/FINAL/single_at_pgd_linf/single_at_pgd_linf_seed1337_best.pt
tpgd,1,automobile,850,1000,0.85,85.0,tpgd x automobile,PGD-AT,singlePGD,1337,/content/drive/MyDrive/ardg_project/FINAL/single_at_pgd_linf/single_at_pgd_linf_seed1337_best.pt
tpgd,2,bird,571,1000,0.571,57.099999999999994,tpgd x bird,PGD-AT,singlePGD,1337,/content/drive/MyDrive/ardg_project/FINAL/single_at_pgd_linf/single_at_pgd_linf_seed1337_best.pt
tpgd,3,cat,412,1000,0.412,41.199999999999996,tpgd x cat,PGD-AT,singlePGD,1337,/content/drive/MyDrive/ardg_project/FINAL/single_at_pgd_linf/single_at_pgd_linf_seed1337_best.pt
tpgd,4,deer,547,1000,0.547,54.7,tpgd x deer,PGD-AT,singlePGD,1337,/content/drive/MyDrive/ardg_project/FINAL/single_at_pgd_linf/single_at_pgd_linf_seed1337_best.pt
tpgd,5,dog,582,1000,0.582,58.199999999999996,tpgd x dog,PGD-AT,singlePGD,1337,/content/drive/MyDrive/ardg_project/FINAL/single_at_pgd_linf/single_at_pgd_linf_seed1337_best.pt
tpgd,6,frog,761,1000,0.761,76.1,tpgd x frog,PGD-AT,singlePGD,1337,/content/drive/MyDrive/ardg_project/FINAL/single_at_pgd_linf/single_at_pgd_linf_seed1337_best.pt
tpgd,7,horse,777,1000,0.777,77.7,tpgd x horse,PGD-AT,singlePGD,1337,/content/drive/MyDrive/ardg_project/FINAL/single_at_pgd_linf/single_at_pgd_linf_seed1337_best.pt
tpgd,8,ship,824,1000,0.824,82.39999999999999,tpgd x ship,PGD-AT,singlePGD,1337,/content/drive/MyDrive/ardg_project/FINAL/single_at_pgd_linf/single_at_pgd_linf_seed1337_best.pt
tpgd,9,truck,804,1000,0.804,80.4,tpgd x truck,PGD-AT,singlePGD,1337,/content/drive/MyDrive/ardg_project/FINAL/single_at_pgd_linf/single_at_pgd_linf_seed1337_best.pt
mifgsm,0,airplane,590,1000,0.59,59.0,mifgsm x airplane,PGD-AT,singlePGD,1337,/content/drive/MyDrive/ardg_project/FINAL/single_at_pgd_linf/single_at_pgd_linf_seed1337_best.pt
mifgsm,1,automobile,730,1000,0.73,73.0,mifgsm x automobile,PGD-AT,singlePGD,1337,/content/drive/MyDrive/ardg_project/FINAL/single_at_pgd_linf/single_at_pgd_linf_seed1337_best.pt
mifgsm,2,bird,335,1000,0.335,33.5,mifgsm x bird,PGD-AT,singlePGD,1337,/content/drive/MyDrive/ardg_project/FINAL/single_at_pgd_linf/single_at_pgd_linf_seed1337_best.pt
mifgsm,3,cat,220,1000,0.22,22.0,mifgsm x cat,PGD-AT,singlePGD,1337,/content/drive/MyDrive/ardg_project/FINAL/single_at_pgd_linf/single_at_pgd_linf_seed1337_best.pt
mifgsm,4,deer,314,1000,0.314,31.4,mifgsm x deer,PGD-AT,singlePGD,1337,/content/drive/MyDrive/ardg_project/FINAL/single_at_pgd_linf/single_at_pgd_linf_seed1337_best.pt
mifgsm,5,dog,386,1000,0.386,38.6,mifgsm x dog,PGD-AT,singlePGD,1337,/content/drive/MyDrive/ardg_project/FINAL/single_at_pgd_linf/single_at_pgd_linf_seed1337_best.pt
mifgsm,6,frog,579,1000,0.579,57.9,mifgsm x frog,PGD-AT,singlePGD,1337,/content/drive/MyDrive/ardg_project/FINAL/single_at_pgd_linf/single_at_pgd_linf_seed1337_best.pt
mifgsm,7,horse,626,1000,0.626,62.6,mifgsm x horse,PGD-AT,singlePGD,1337,/content/drive/MyDrive/ardg_project/FINAL/single_at_pgd_linf/single_at_pgd_linf_seed1337_best.pt
mifgsm,8,ship,696,1000,0.696,69.6,mifgsm x ship,PGD-AT,singlePGD,1337,/content/drive/MyDrive/ardg_project/FINAL/single_at_pgd_linf/single_at_pgd_linf_seed1337_best.pt
mifgsm,9,truck,654,1000,0.654,65.4,mifgsm x truck,PGD-AT,singlePGD,1337,/content/drive/MyDrive/ardg_project/FINAL/single_at_pgd_linf/single_at_pgd_linf_seed1337_best.pt
pgd_l2,0,airplane,693,1000,0.693,69.3,pgd_l2 x airplane,PGD-AT,singlePGD,1337,/content/drive/MyDrive/ardg_project/FINAL/single_at_pgd_linf/single_at_pgd_linf_seed1337_best.pt
pgd_l2,1,automobile,821,1000,0.821,82.1,pgd_l2 x automobile,PGD-AT,singlePGD,1337,/content/drive/MyDrive/ardg_project/FINAL/single_at_pgd_linf/single_at_pgd_linf_seed1337_best.pt
pgd_l2,2,bird,477,1000,0.477,47.699999999999996,pgd_l2 x bird,PGD-AT,singlePGD,1337,/content/drive/MyDrive/ardg_project/FINAL/single_at_pgd_linf/single_at_pgd_linf_seed1337_best.pt
pgd_l2,3,cat,361,1000,0.361,36.1,pgd_l2 x cat,PGD-AT,singlePGD,1337,/content/drive/MyDrive/ardg_project/FINAL/single_at_pgd_linf/single_at_pgd_linf_seed1337_best.pt
pgd_l2,4,deer,505,1000,0.505,50.5,pgd_l2 x deer,PGD-AT,singlePGD,1337,/content/drive/MyDrive/ardg_project/FINAL/single_at_pgd_linf/single_at_pgd_linf_seed1337_best.pt
pgd_l2,5,dog,503,1000,0.503,50.3,pgd_l2 x dog,PGD-AT,singlePGD,1337,/content/drive/MyDrive/ardg_project/FINAL/single_at_pgd_linf/single_at_pgd_linf_seed1337_best.pt
pgd_l2,6,frog,743,1000,0.743,74.3,pgd_l2 x frog,PGD-AT,singlePGD,1337,/content/drive/MyDrive/ardg_project/FINAL/single_at_pgd_linf/single_at_pgd_linf_seed1337_best.pt
pgd_l2,7,horse,757,1000,0.757,75.7,pgd_l2 x horse,PGD-AT,singlePGD,1337,/content/drive/MyDrive/ardg_project/FINAL/single_at_pgd_linf/single_at_pgd_linf_seed1337_best.pt
pgd_l2,8,ship,833,1000,0.833,83.3,pgd_l2 x ship,PGD-AT,singlePGD,1337,/content/drive/MyDrive/ardg_project/FINAL/single_at_pgd_linf/single_at_pgd_linf_seed1337_best.pt
pgd_l2,9,truck,782,1000,0.782,78.2,pgd_l2 x truck,PGD-AT,singlePGD,1337,/content/drive/MyDrive/ardg_project/FINAL/single_at_pgd_linf/single_at_pgd_linf_seed1337_best.pt
ddn_l2,0,airplane,657,1000,0.657,65.7,ddn_l2 x airplane,PGD-AT,singlePGD,1337,/content/drive/MyDrive/ardg_project/FINAL/single_at_pgd_linf/single_at_pgd_linf_seed1337_best.pt
ddn_l2,1,automobile,792,1000,0.792,79.2,ddn_l2 x automobile,PGD-AT,singlePGD,1337,/content/drive/MyDrive/ardg_project/FINAL/single_at_pgd_linf/single_at_pgd_linf_seed1337_best.pt
ddn_l2,2,bird,441,1000,0.441,44.1,ddn_l2 x bird,PGD-AT,singlePGD,1337,/content/drive/MyDrive/ardg_project/FINAL/single_at_pgd_linf/single_at_pgd_linf_seed1337_best.pt
ddn_l2,3,cat,313,1000,0.313,31.3,ddn_l2 x cat,PGD-AT,singlePGD,1337,/content/drive/MyDrive/ardg_project/FINAL/single_at_pgd_linf/single_at_pgd_linf_seed1337_best.pt
ddn_l2,4,deer,452,1000,0.452,45.2,ddn_l2 x deer,PGD-AT,singlePGD,1337,/content/drive/MyDrive/ardg_project/FINAL/single_at_pgd_linf/single_at_pgd_linf_seed1337_best.pt
ddn_l2,5,dog,471,1000,0.471,47.099999999999994,ddn_l2 x dog,PGD-AT,singlePGD,1337,/content/drive/MyDrive/ardg_project/FINAL/single_at_pgd_linf/single_at_pgd_linf_seed1337_best.pt
ddn_l2,6,frog,710,1000,0.71,71.0,ddn_l2 x frog,PGD-AT,singlePGD,1337,/content/drive/MyDrive/ardg_project/FINAL/single_at_pgd_linf/single_at_pgd_linf_seed1337_best.pt
ddn_l2,7,horse,732,1000,0.732,73.2,ddn_l2 x horse,PGD-AT,singlePGD,1337,/content/drive/MyDrive/ardg_project/FINAL/single_at_pgd_linf/single_at_pgd_linf_seed1337_best.pt
ddn_l2,8,ship,795,1000,0.795,79.5,ddn_l2 x ship,PGD-AT,singlePGD,1337,/content/drive/MyDrive/ardg_project/FINAL/single_at_pgd_linf/single_at_pgd_linf_seed1337_best.pt
ddn_l2,9,truck,760,1000,0.76,76.0,ddn_l2 x truck,PGD-AT,singlePGD,1337,/content/drive/MyDrive/ardg_project/FINAL/single_at_pgd_linf/single_at_pgd_linf_seed1337_best.pt
deepfool_l2,0,airplane,697,1000,0.697,69.69999999999999,deepfool_l2 x airplane,PGD-AT,singlePGD,1337,/content/drive/MyDrive/ardg_project/FINAL/single_at_pgd_linf/single_at_pgd_linf_seed1337_best.pt
deepfool_l2,1,automobile,815,1000,0.815,81.5,deepfool_l2 x automobile,PGD-AT,singlePGD,1337,/content/drive/MyDrive/ardg_project/FINAL/single_at_pgd_linf/single_at_pgd_linf_seed1337_best.pt
deepfool_l2,2,bird,460,1000,0.46,46.0,deepfool_l2 x bird,PGD-AT,singlePGD,1337,/content/drive/MyDrive/ardg_project/FINAL/single_at_pgd_linf/single_at_pgd_linf_seed1337_best.pt
deepfool_l2,3,cat,313,1000,0.313,31.3,deepfool_l2 x cat,PGD-AT,singlePGD,1337,/content/drive/MyDrive/ardg_project/FINAL/single_at_pgd_linf/single_at_pgd_linf_seed1337_best.pt
deepfool_l2,4,deer,436,1000,0.436,43.6,deepfool_l2 x deer,PGD-AT,singlePGD,1337,/content/drive/MyDrive/ardg_project/FINAL/single_at_pgd_linf/single_at_pgd_linf_seed1337_best.pt
deepfool_l2,5,dog,491,1000,0.491,49.1,deepfool_l2 x dog,PGD-AT,singlePGD,1337,/content/drive/MyDrive/ardg_project/FINAL/single_at_pgd_linf/single_at_pgd_linf_seed1337_best.pt
deepfool_l2,6,frog,722,1000,0.722,72.2,deepfool_l2 x frog,PGD-AT,singlePGD,1337,/content/drive/MyDrive/ardg_project/FINAL/single_at_pgd_linf/single_at_pgd_linf_seed1337_best.pt
deepfool_l2,7,horse,750,1000,0.75,75.0,deepfool_l2 x horse,PGD-AT,singlePGD,1337,/content/drive/MyDrive/ardg_project/FINAL/single_at_pgd_linf/single_at_pgd_linf_seed1337_best.pt
deepfool_l2,8,ship,835,1000,0.835,83.5,deepfool_l2 x ship,PGD-AT,singlePGD,1337,/content/drive/MyDrive/ardg_project/FINAL/single_at_pgd_linf/single_at_pgd_linf_seed1337_best.pt
deepfool_l2,9,truck,782,1000,0.782,78.2,deepfool_l2 x truck,PGD-AT,singlePGD,1337,/content/drive/MyDrive/ardg_project/FINAL/single_at_pgd_linf/single_at_pgd_linf_seed1337_best.pt
cw_l2,0,airplane,695,1000,0.695,69.5,cw_l2 x airplane,PGD-AT,singlePGD,1337,/content/drive/MyDrive/ardg_project/FINAL/single_at_pgd_linf/single_at_pgd_linf_seed1337_best.pt
cw_l2,1,automobile,817,1000,0.817,81.69999999999999,cw_l2 x automobile,PGD-AT,singlePGD,1337,/content/drive/MyDrive/ardg_project/FINAL/single_at_pgd_linf/single_at_pgd_linf_seed1337_best.pt
cw_l2,2,bird,446,1000,0.446,44.6,cw_l2 x bird,PGD-AT,singlePGD,1337,/content/drive/MyDrive/ardg_project/FINAL/single_at_pgd_linf/single_at_pgd_linf_seed1337_best.pt
cw_l2,3,cat,319,1000,0.319,31.900000000000002,cw_l2 x cat,PGD-AT,singlePGD,1337,/content/drive/MyDrive/ardg_project/FINAL/single_at_pgd_linf/single_at_pgd_linf_seed1337_best.pt
cw_l2,4,deer,439,1000,0.439,43.9,cw_l2 x deer,PGD-AT,singlePGD,1337,/content/drive/MyDrive/ardg_project/FINAL/single_at_pgd_linf/single_at_pgd_linf_seed1337_best.pt
cw_l2,5,dog,495,1000,0.495,49.5,cw_l2 x dog,PGD-AT,singlePGD,1337,/content/drive/MyDrive/ardg_project/FINAL/single_at_pgd_linf/single_at_pgd_linf_seed1337_best.pt
cw_l2,6,frog,707,1000,0.707,70.7,cw_l2 x frog,PGD-AT,singlePGD,1337,/content/drive/MyDrive/ardg_project/FINAL/single_at_pgd_linf/single_at_pgd_linf_seed1337_best.pt
cw_l2,7,horse,751,1000,0.751,75.1,cw_l2 x horse,PGD-AT,singlePGD,1337,/content/drive/MyDrive/ardg_project/FINAL/single_at_pgd_linf/single_at_pgd_linf_seed1337_best.pt
cw_l2,8,ship,844,1000,0.844,84.39999999999999,cw_l2 x ship,PGD-AT,singlePGD,1337,/content/drive/MyDrive/ardg_project/FINAL/single_at_pgd_linf/single_at_pgd_linf_seed1337_best.pt
cw_l2,9,truck,791,1000,0.791,79.10000000000001,cw_l2 x truck,PGD-AT,singlePGD,1337,/content/drive/MyDrive/ardg_project/FINAL/single_at_pgd_linf/single_at_pgd_linf_seed1337_best.pt
fgsm_rs,0,airplane,769,1000,0.769,76.9,fgsm_rs x airplane,PGD-AT,singlePGD,7777,/content/drive/MyDrive/ardg_project/FINAL/single_at_pgd_linf/single_at_pgd_linf_seed7777_best.pt
fgsm_rs,1,automobile,878,1000,0.878,87.8,fgsm_rs x automobile,PGD-AT,singlePGD,7777,/content/drive/MyDrive/ardg_project/FINAL/single_at_pgd_linf/single_at_pgd_linf_seed7777_best.pt
fgsm_rs,2,bird,495,1000,0.495,49.5,fgsm_rs x bird,PGD-AT,singlePGD,7777,/content/drive/MyDrive/ardg_project/FINAL/single_at_pgd_linf/single_at_pgd_linf_seed7777_best.pt
fgsm_rs,3,cat,352,1000,0.352,35.199999999999996,fgsm_rs x cat,PGD-AT,singlePGD,7777,/content/drive/MyDrive/ardg_project/FINAL/single_at_pgd_linf/single_at_pgd_linf_seed7777_best.pt
fgsm_rs,4,deer,544,1000,0.544,54.400000000000006,fgsm_rs x deer,PGD-AT,singlePGD,7777,/content/drive/MyDrive/ardg_project/FINAL/single_at_pgd_linf/single_at_pgd_linf_seed7777_best.pt
fgsm_rs,5,dog,590,1000,0.59,59.0,fgsm_rs x dog,PGD-AT,singlePGD,7777,/content/drive/MyDrive/ardg_project/FINAL/single_at_pgd_linf/single_at_pgd_linf_seed7777_best.pt
fgsm_rs,6,frog,765,1000,0.765,76.5,fgsm_rs x frog,PGD-AT,singlePGD,7777,/content/drive/MyDrive/ardg_project/FINAL/single_at_pgd_linf/single_at_pgd_linf_seed7777_best.pt
fgsm_rs,7,horse,785,1000,0.785,78.5,fgsm_rs x horse,PGD-AT,singlePGD,7777,/content/drive/MyDrive/ardg_project/FINAL/single_at_pgd_linf/single_at_pgd_linf_seed7777_best.pt
fgsm_rs,8,ship,834,1000,0.834,83.39999999999999,fgsm_rs x ship,PGD-AT,singlePGD,7777,/content/drive/MyDrive/ardg_project/FINAL/single_at_pgd_linf/single_at_pgd_linf_seed7777_best.pt
fgsm_rs,9,truck,779,1000,0.779,77.9,fgsm_rs x truck,PGD-AT,singlePGD,7777,/content/drive/MyDrive/ardg_project/FINAL/single_at_pgd_linf/single_at_pgd_linf_seed7777_best.pt
pgd20_ce,0,airplane,620,1000,0.62,62.0,pgd20_ce x airplane,PGD-AT,singlePGD,7777,/content/drive/MyDrive/ardg_project/FINAL/single_at_pgd_linf/single_at_pgd_linf_seed7777_best.pt
pgd20_ce,1,automobile,746,1000,0.746,74.6,pgd20_ce x automobile,PGD-AT,singlePGD,7777,/content/drive/MyDrive/ardg_project/FINAL/single_at_pgd_linf/single_at_pgd_linf_seed7777_best.pt
pgd20_ce,2,bird,318,1000,0.318,31.8,pgd20_ce x bird,PGD-AT,singlePGD,7777,/content/drive/MyDrive/ardg_project/FINAL/single_at_pgd_linf/single_at_pgd_linf_seed7777_best.pt
pgd20_ce,3,cat,185,1000,0.185,18.5,pgd20_ce x cat,PGD-AT,singlePGD,7777,/content/drive/MyDrive/ardg_project/FINAL/single_at_pgd_linf/single_at_pgd_linf_seed7777_best.pt
pgd20_ce,4,deer,289,1000,0.289,28.9,pgd20_ce x deer,PGD-AT,singlePGD,7777,/content/drive/MyDrive/ardg_project/FINAL/single_at_pgd_linf/single_at_pgd_linf_seed7777_best.pt
pgd20_ce,5,dog,412,1000,0.412,41.199999999999996,pgd20_ce x dog,PGD-AT,singlePGD,7777,/content/drive/MyDrive/ardg_project/FINAL/single_at_pgd_linf/single_at_pgd_linf_seed7777_best.pt
pgd20_ce,6,frog,533,1000,0.533,53.300000000000004,pgd20_ce x frog,PGD-AT,singlePGD,7777,/content/drive/MyDrive/ardg_project/FINAL/single_at_pgd_linf/single_at_pgd_linf_seed7777_best.pt
pgd20_ce,7,horse,633,1000,0.633,63.3,pgd20_ce x horse,PGD-AT,singlePGD,7777,/content/drive/MyDrive/ardg_project/FINAL/single_at_pgd_linf/single_at_pgd_linf_seed7777_best.pt
pgd20_ce,8,ship,617,1000,0.617,61.7,pgd20_ce x ship,PGD-AT,singlePGD,7777,/content/drive/MyDrive/ardg_project/FINAL/single_at_pgd_linf/single_at_pgd_linf_seed7777_best.pt
pgd20_ce,9,truck,589,1000,0.589,58.9,pgd20_ce x truck,PGD-AT,singlePGD,7777,/content/drive/MyDrive/ardg_project/FINAL/single_at_pgd_linf/single_at_pgd_linf_seed7777_best.pt
tpgd,0,airplane,781,1000,0.781,78.10000000000001,tpgd x airplane,PGD-AT,singlePGD,7777,/content/drive/MyDrive/ardg_project/FINAL/single_at_pgd_linf/single_at_pgd_linf_seed7777_best.pt
tpgd,1,automobile,863,1000,0.863,86.3,tpgd x automobile,PGD-AT,singlePGD,7777,/content/drive/MyDrive/ardg_project/FINAL/single_at_pgd_linf/single_at_pgd_linf_seed7777_best.pt
tpgd,2,bird,558,1000,0.558,55.800000000000004,tpgd x bird,PGD-AT,singlePGD,7777,/content/drive/MyDrive/ardg_project/FINAL/single_at_pgd_linf/single_at_pgd_linf_seed7777_best.pt
tpgd,3,cat,392,1000,0.392,39.2,tpgd x cat,PGD-AT,singlePGD,7777,/content/drive/MyDrive/ardg_project/FINAL/single_at_pgd_linf/single_at_pgd_linf_seed7777_best.pt
tpgd,4,deer,528,1000,0.528,52.800000000000004,tpgd x deer,PGD-AT,singlePGD,7777,/content/drive/MyDrive/ardg_project/FINAL/single_at_pgd_linf/single_at_pgd_linf_seed7777_best.pt
tpgd,5,dog,606,1000,0.606,60.6,tpgd x dog,PGD-AT,singlePGD,7777,/content/drive/MyDrive/ardg_project/FINAL/single_at_pgd_linf/single_at_pgd_linf_seed7777_best.pt
tpgd,6,frog,748,1000,0.748,74.8,tpgd x frog,PGD-AT,singlePGD,7777,/content/drive/MyDrive/ardg_project/FINAL/single_at_pgd_linf/single_at_pgd_linf_seed7777_best.pt
tpgd,7,horse,784,1000,0.784,78.4,tpgd x horse,PGD-AT,singlePGD,7777,/content/drive/MyDrive/ardg_project/FINAL/single_at_pgd_linf/single_at_pgd_linf_seed7777_best.pt
tpgd,8,ship,794,1000,0.794,79.4,tpgd x ship,PGD-AT,singlePGD,7777,/content/drive/MyDrive/ardg_project/FINAL/single_at_pgd_linf/single_at_pgd_linf_seed7777_best.pt
tpgd,9,truck,760,1000,0.76,76.0,tpgd x truck,PGD-AT,singlePGD,7777,/content/drive/MyDrive/ardg_project/FINAL/single_at_pgd_linf/single_at_pgd_linf_seed7777_best.pt
mifgsm,0,airplane,633,1000,0.633,63.3,mifgsm x airplane,PGD-AT,singlePGD,7777,/content/drive/MyDrive/ardg_project/FINAL/single_at_pgd_linf/single_at_pgd_linf_seed7777_best.pt
mifgsm,1,automobile,754,1000,0.754,75.4,mifgsm x automobile,PGD-AT,singlePGD,7777,/content/drive/MyDrive/ardg_project/FINAL/single_at_pgd_linf/single_at_pgd_linf_seed7777_best.pt
mifgsm,2,bird,330,1000,0.33,33.0,mifgsm x bird,PGD-AT,singlePGD,7777,/content/drive/MyDrive/ardg_project/FINAL/single_at_pgd_linf/single_at_pgd_linf_seed7777_best.pt
mifgsm,3,cat,203,1000,0.203,20.3,mifgsm x cat,PGD-AT,singlePGD,7777,/content/drive/MyDrive/ardg_project/FINAL/single_at_pgd_linf/single_at_pgd_linf_seed7777_best.pt
mifgsm,4,deer,317,1000,0.317,31.7,mifgsm x deer,PGD-AT,singlePGD,7777,/content/drive/MyDrive/ardg_project/FINAL/single_at_pgd_linf/single_at_pgd_linf_seed7777_best.pt
mifgsm,5,dog,426,1000,0.426,42.6,mifgsm x dog,PGD-AT,singlePGD,7777,/content/drive/MyDrive/ardg_project/FINAL/single_at_pgd_linf/single_at_pgd_linf_seed7777_best.pt
mifgsm,6,frog,558,1000,0.558,55.800000000000004,mifgsm x frog,PGD-AT,singlePGD,7777,/content/drive/MyDrive/ardg_project/FINAL/single_at_pgd_linf/single_at_pgd_linf_seed7777_best.pt
mifgsm,7,horse,647,1000,0.647,64.7,mifgsm x horse,PGD-AT,singlePGD,7777,/content/drive/MyDrive/ardg_project/FINAL/single_at_pgd_linf/single_at_pgd_linf_seed7777_best.pt
mifgsm,8,ship,642,1000,0.642,64.2,mifgsm x ship,PGD-AT,singlePGD,7777,/content/drive/MyDrive/ardg_project/FINAL/single_at_pgd_linf/single_at_pgd_linf_seed7777_best.pt
mifgsm,9,truck,604,1000,0.604,60.4,mifgsm x truck,PGD-AT,singlePGD,7777,/content/drive/MyDrive/ardg_project/FINAL/single_at_pgd_linf/single_at_pgd_linf_seed7777_best.pt
pgd_l2,0,airplane,727,1000,0.727,72.7,pgd_l2 x airplane,PGD-AT,singlePGD,7777,/content/drive/MyDrive/ardg_project/FINAL/single_at_pgd_linf/single_at_pgd_linf_seed7777_best.pt
pgd_l2,1,automobile,846,1000,0.846,84.6,pgd_l2 x automobile,PGD-AT,singlePGD,7777,/content/drive/MyDrive/ardg_project/FINAL/single_at_pgd_linf/single_at_pgd_linf_seed7777_best.pt
pgd_l2,2,bird,462,1000,0.462,46.2,pgd_l2 x bird,PGD-AT,singlePGD,7777,/content/drive/MyDrive/ardg_project/FINAL/single_at_pgd_linf/single_at_pgd_linf_seed7777_best.pt
pgd_l2,3,cat,317,1000,0.317,31.7,pgd_l2 x cat,PGD-AT,singlePGD,7777,/content/drive/MyDrive/ardg_project/FINAL/single_at_pgd_linf/single_at_pgd_linf_seed7777_best.pt
pgd_l2,4,deer,497,1000,0.497,49.7,pgd_l2 x deer,PGD-AT,singlePGD,7777,/content/drive/MyDrive/ardg_project/FINAL/single_at_pgd_linf/single_at_pgd_linf_seed7777_best.pt
pgd_l2,5,dog,535,1000,0.535,53.5,pgd_l2 x dog,PGD-AT,singlePGD,7777,/content/drive/MyDrive/ardg_project/FINAL/single_at_pgd_linf/single_at_pgd_linf_seed7777_best.pt
pgd_l2,6,frog,736,1000,0.736,73.6,pgd_l2 x frog,PGD-AT,singlePGD,7777,/content/drive/MyDrive/ardg_project/FINAL/single_at_pgd_linf/single_at_pgd_linf_seed7777_best.pt
pgd_l2,7,horse,764,1000,0.764,76.4,pgd_l2 x horse,PGD-AT,singlePGD,7777,/content/drive/MyDrive/ardg_project/FINAL/single_at_pgd_linf/single_at_pgd_linf_seed7777_best.pt
pgd_l2,8,ship,796,1000,0.796,79.60000000000001,pgd_l2 x ship,PGD-AT,singlePGD,7777,/content/drive/MyDrive/ardg_project/FINAL/single_at_pgd_linf/single_at_pgd_linf_seed7777_best.pt
pgd_l2,9,truck,738,1000,0.738,73.8,pgd_l2 x truck,PGD-AT,singlePGD,7777,/content/drive/MyDrive/ardg_project/FINAL/single_at_pgd_linf/single_at_pgd_linf_seed7777_best.pt
ddn_l2,0,airplane,687,1000,0.687,68.7,ddn_l2 x airplane,PGD-AT,singlePGD,7777,/content/drive/MyDrive/ardg_project/FINAL/single_at_pgd_linf/single_at_pgd_linf_seed7777_best.pt
ddn_l2,1,automobile,828,1000,0.828,82.8,ddn_l2 x automobile,PGD-AT,singlePGD,7777,/content/drive/MyDrive/ardg_project/FINAL/single_at_pgd_linf/single_at_pgd_linf_seed7777_best.pt
ddn_l2,2,bird,430,1000,0.43,43.0,ddn_l2 x bird,PGD-AT,singlePGD,7777,/content/drive/MyDrive/ardg_project/FINAL/single_at_pgd_linf/single_at_pgd_linf_seed7777_best.pt
ddn_l2,3,cat,271,1000,0.271,27.1,ddn_l2 x cat,PGD-AT,singlePGD,7777,/content/drive/MyDrive/ardg_project/FINAL/single_at_pgd_linf/single_at_pgd_linf_seed7777_best.pt
ddn_l2,4,deer,436,1000,0.436,43.6,ddn_l2 x deer,PGD-AT,singlePGD,7777,/content/drive/MyDrive/ardg_project/FINAL/single_at_pgd_linf/single_at_pgd_linf_seed7777_best.pt
ddn_l2,5,dog,511,1000,0.511,51.1,ddn_l2 x dog,PGD-AT,singlePGD,7777,/content/drive/MyDrive/ardg_project/FINAL/single_at_pgd_linf/single_at_pgd_linf_seed7777_best.pt
ddn_l2,6,frog,698,1000,0.698,69.8,ddn_l2 x frog,PGD-AT,singlePGD,7777,/content/drive/MyDrive/ardg_project/FINAL/single_at_pgd_linf/single_at_pgd_linf_seed7777_best.pt
ddn_l2,7,horse,745,1000,0.745,74.5,ddn_l2 x horse,PGD-AT,singlePGD,7777,/content/drive/MyDrive/ardg_project/FINAL/single_at_pgd_linf/single_at_pgd_linf_seed7777_best.pt
ddn_l2,8,ship,729,1000,0.729,72.89999999999999,ddn_l2 x ship,PGD-AT,singlePGD,7777,/content/drive/MyDrive/ardg_project/FINAL/single_at_pgd_linf/single_at_pgd_linf_seed7777_best.pt
ddn_l2,9,truck,714,1000,0.714,71.39999999999999,ddn_l2 x truck,PGD-AT,singlePGD,7777,/content/drive/MyDrive/ardg_project/FINAL/single_at_pgd_linf/single_at_pgd_linf_seed7777_best.pt
deepfool_l2,0,airplane,724,1000,0.724,72.39999999999999,deepfool_l2 x airplane,PGD-AT,singlePGD,7777,/content/drive/MyDrive/ardg_project/FINAL/single_at_pgd_linf/single_at_pgd_linf_seed7777_best.pt
deepfool_l2,1,automobile,849,1000,0.849,84.89999999999999,deepfool_l2 x automobile,PGD-AT,singlePGD,7777,/content/drive/MyDrive/ardg_project/FINAL/single_at_pgd_linf/single_at_pgd_linf_seed7777_best.pt
deepfool_l2,2,bird,439,1000,0.439,43.9,deepfool_l2 x bird,PGD-AT,singlePGD,7777,/content/drive/MyDrive/ardg_project/FINAL/single_at_pgd_linf/single_at_pgd_linf_seed7777_best.pt
deepfool_l2,3,cat,270,1000,0.27,27.0,deepfool_l2 x cat,PGD-AT,singlePGD,7777,/content/drive/MyDrive/ardg_project/FINAL/single_at_pgd_linf/single_at_pgd_linf_seed7777_best.pt
deepfool_l2,4,deer,406,1000,0.406,40.6,deepfool_l2 x deer,PGD-AT,singlePGD,7777,/content/drive/MyDrive/ardg_project/FINAL/single_at_pgd_linf/single_at_pgd_linf_seed7777_best.pt
deepfool_l2,5,dog,529,1000,0.529,52.900000000000006,deepfool_l2 x dog,PGD-AT,singlePGD,7777,/content/drive/MyDrive/ardg_project/FINAL/single_at_pgd_linf/single_at_pgd_linf_seed7777_best.pt
deepfool_l2,6,frog,716,1000,0.716,71.6,deepfool_l2 x frog,PGD-AT,singlePGD,7777,/content/drive/MyDrive/ardg_project/FINAL/single_at_pgd_linf/single_at_pgd_linf_seed7777_best.pt
deepfool_l2,7,horse,759,1000,0.759,75.9,deepfool_l2 x horse,PGD-AT,singlePGD,7777,/content/drive/MyDrive/ardg_project/FINAL/single_at_pgd_linf/single_at_pgd_linf_seed7777_best.pt
deepfool_l2,8,ship,786,1000,0.786,78.60000000000001,deepfool_l2 x ship,PGD-AT,singlePGD,7777,/content/drive/MyDrive/ardg_project/FINAL/single_at_pgd_linf/single_at_pgd_linf_seed7777_best.pt
deepfool_l2,9,truck,740,1000,0.74,74.0,deepfool_l2 x truck,PGD-AT,singlePGD,7777,/content/drive/MyDrive/ardg_project/FINAL/single_at_pgd_linf/single_at_pgd_linf_seed7777_best.pt
cw_l2,0,airplane,720,1000,0.72,72.0,cw_l2 x airplane,PGD-AT,singlePGD,7777,/content/drive/MyDrive/ardg_project/FINAL/single_at_pgd_linf/single_at_pgd_linf_seed7777_best.pt
cw_l2,1,automobile,851,1000,0.851,85.1,cw_l2 x automobile,PGD-AT,singlePGD,7777,/content/drive/MyDrive/ardg_project/FINAL/single_at_pgd_linf/single_at_pgd_linf_seed7777_best.pt
cw_l2,2,bird,437,1000,0.437,43.7,cw_l2 x bird,PGD-AT,singlePGD,7777,/content/drive/MyDrive/ardg_project/FINAL/single_at_pgd_linf/single_at_pgd_linf_seed7777_best.pt
cw_l2,3,cat,269,1000,0.269,26.900000000000002,cw_l2 x cat,PGD-AT,singlePGD,7777,/content/drive/MyDrive/ardg_project/FINAL/single_at_pgd_linf/single_at_pgd_linf_seed7777_best.pt
cw_l2,4,deer,425,1000,0.425,42.5,cw_l2 x deer,PGD-AT,singlePGD,7777,/content/drive/MyDrive/ardg_project/FINAL/single_at_pgd_linf/single_at_pgd_linf_seed7777_best.pt
cw_l2,5,dog,530,1000,0.53,53.0,cw_l2 x dog,PGD-AT,singlePGD,7777,/content/drive/MyDrive/ardg_project/FINAL/single_at_pgd_linf/single_at_pgd_linf_seed7777_best.pt
cw_l2,6,frog,710,1000,0.71,71.0,cw_l2 x frog,PGD-AT,singlePGD,7777,/content/drive/MyDrive/ardg_project/FINAL/single_at_pgd_linf/single_at_pgd_linf_seed7777_best.pt
cw_l2,7,horse,760,1000,0.76,76.0,cw_l2 x horse,PGD-AT,singlePGD,7777,/content/drive/MyDrive/ardg_project/FINAL/single_at_pgd_linf/single_at_pgd_linf_seed7777_best.pt
cw_l2,8,ship,783,1000,0.783,78.3,cw_l2 x ship,PGD-AT,singlePGD,7777,/content/drive/MyDrive/ardg_project/FINAL/single_at_pgd_linf/single_at_pgd_linf_seed7777_best.pt
cw_l2,9,truck,741,1000,0.741,74.1,cw_l2 x truck,PGD-AT,singlePGD,7777,/content/drive/MyDrive/ardg_project/FINAL/single_at_pgd_linf/single_at_pgd_linf_seed7777_best.pt
fgsm_rs,0,airplane,733,1000,0.733,73.3,fgsm_rs x airplane,PGD-AT,singlePGD,12345,/content/drive/MyDrive/ardg_project/FINAL/single_at_pgd_linf/single_at_pgd_linf_seed12345_best.pt
fgsm_rs,1,automobile,879,1000,0.879,87.9,fgsm_rs x automobile,PGD-AT,singlePGD,12345,/content/drive/MyDrive/ardg_project/FINAL/single_at_pgd_linf/single_at_pgd_linf_seed12345_best.pt
fgsm_rs,2,bird,523,1000,0.523,52.300000000000004,fgsm_rs x bird,PGD-AT,singlePGD,12345,/content/drive/MyDrive/ardg_project/FINAL/single_at_pgd_linf/single_at_pgd_linf_seed12345_best.pt
fgsm_rs,3,cat,404,1000,0.404,40.400000000000006,fgsm_rs x cat,PGD-AT,singlePGD,12345,/content/drive/MyDrive/ardg_project/FINAL/single_at_pgd_linf/single_at_pgd_linf_seed12345_best.pt
fgsm_rs,4,deer,479,1000,0.479,47.9,fgsm_rs x deer,PGD-AT,singlePGD,12345,/content/drive/MyDrive/ardg_project/FINAL/single_at_pgd_linf/single_at_pgd_linf_seed12345_best.pt
fgsm_rs,5,dog,507,1000,0.507,50.7,fgsm_rs x dog,PGD-AT,singlePGD,12345,/content/drive/MyDrive/ardg_project/FINAL/single_at_pgd_linf/single_at_pgd_linf_seed12345_best.pt
fgsm_rs,6,frog,775,1000,0.775,77.5,fgsm_rs x frog,PGD-AT,singlePGD,12345,/content/drive/MyDrive/ardg_project/FINAL/single_at_pgd_linf/single_at_pgd_linf_seed12345_best.pt
fgsm_rs,7,horse,756,1000,0.756,75.6,fgsm_rs x horse,PGD-AT,singlePGD,12345,/content/drive/MyDrive/ardg_project/FINAL/single_at_pgd_linf/single_at_pgd_linf_seed12345_best.pt
fgsm_rs,8,ship,852,1000,0.852,85.2,fgsm_rs x ship,PGD-AT,singlePGD,12345,/content/drive/MyDrive/ardg_project/FINAL/single_at_pgd_linf/single_at_pgd_linf_seed12345_best.pt
fgsm_rs,9,truck,784,1000,0.784,78.4,fgsm_rs x truck,PGD-AT,singlePGD,12345,/content/drive/MyDrive/ardg_project/FINAL/single_at_pgd_linf/single_at_pgd_linf_seed12345_best.pt
pgd20_ce,0,airplane,563,1000,0.563,56.3,pgd20_ce x airplane,PGD-AT,singlePGD,12345,/content/drive/MyDrive/ardg_project/FINAL/single_at_pgd_linf/single_at_pgd_linf_seed12345_best.pt
pgd20_ce,1,automobile,737,1000,0.737,73.7,pgd20_ce x automobile,PGD-AT,singlePGD,12345,/content/drive/MyDrive/ardg_project/FINAL/single_at_pgd_linf/single_at_pgd_linf_seed12345_best.pt
pgd20_ce,2,bird,358,1000,0.358,35.8,pgd20_ce x bird,PGD-AT,singlePGD,12345,/content/drive/MyDrive/ardg_project/FINAL/single_at_pgd_linf/single_at_pgd_linf_seed12345_best.pt
pgd20_ce,3,cat,240,1000,0.24,24.0,pgd20_ce x cat,PGD-AT,singlePGD,12345,/content/drive/MyDrive/ardg_project/FINAL/single_at_pgd_linf/single_at_pgd_linf_seed12345_best.pt
pgd20_ce,4,deer,254,1000,0.254,25.4,pgd20_ce x deer,PGD-AT,singlePGD,12345,/content/drive/MyDrive/ardg_project/FINAL/single_at_pgd_linf/single_at_pgd_linf_seed12345_best.pt
pgd20_ce,5,dog,368,1000,0.368,36.8,pgd20_ce x dog,PGD-AT,singlePGD,12345,/content/drive/MyDrive/ardg_project/FINAL/single_at_pgd_linf/single_at_pgd_linf_seed12345_best.pt
pgd20_ce,6,frog,559,1000,0.559,55.900000000000006,pgd20_ce x frog,PGD-AT,singlePGD,12345,/content/drive/MyDrive/ardg_project/FINAL/single_at_pgd_linf/single_at_pgd_linf_seed12345_best.pt
pgd20_ce,7,horse,612,1000,0.612,61.199999999999996,pgd20_ce x horse,PGD-AT,singlePGD,12345,/content/drive/MyDrive/ardg_project/FINAL/single_at_pgd_linf/single_at_pgd_linf_seed12345_best.pt
pgd20_ce,8,ship,662,1000,0.662,66.2,pgd20_ce x ship,PGD-AT,singlePGD,12345,/content/drive/MyDrive/ardg_project/FINAL/single_at_pgd_linf/single_at_pgd_linf_seed12345_best.pt
pgd20_ce,9,truck,588,1000,0.588,58.8,pgd20_ce x truck,PGD-AT,singlePGD,12345,/content/drive/MyDrive/ardg_project/FINAL/single_at_pgd_linf/single_at_pgd_linf_seed12345_best.pt
tpgd,0,airplane,750,1000,0.75,75.0,tpgd x airplane,PGD-AT,singlePGD,12345,/content/drive/MyDrive/ardg_project/FINAL/single_at_pgd_linf/single_at_pgd_linf_seed12345_best.pt
tpgd,1,automobile,863,1000,0.863,86.3,tpgd x automobile,PGD-AT,singlePGD,12345,/content/drive/MyDrive/ardg_project/FINAL/single_at_pgd_linf/single_at_pgd_linf_seed12345_best.pt
tpgd,2,bird,592,1000,0.592,59.199999999999996,tpgd x bird,PGD-AT,singlePGD,12345,/content/drive/MyDrive/ardg_project/FINAL/single_at_pgd_linf/single_at_pgd_linf_seed12345_best.pt
tpgd,3,cat,427,1000,0.427,42.699999999999996,tpgd x cat,PGD-AT,singlePGD,12345,/content/drive/MyDrive/ardg_project/FINAL/single_at_pgd_linf/single_at_pgd_linf_seed12345_best.pt
tpgd,4,deer,484,1000,0.484,48.4,tpgd x deer,PGD-AT,singlePGD,12345,/content/drive/MyDrive/ardg_project/FINAL/single_at_pgd_linf/single_at_pgd_linf_seed12345_best.pt
tpgd,5,dog,561,1000,0.561,56.10000000000001,tpgd x dog,PGD-AT,singlePGD,12345,/content/drive/MyDrive/ardg_project/FINAL/single_at_pgd_linf/single_at_pgd_linf_seed12345_best.pt
tpgd,6,frog,763,1000,0.763,76.3,tpgd x frog,PGD-AT,singlePGD,12345,/content/drive/MyDrive/ardg_project/FINAL/single_at_pgd_linf/single_at_pgd_linf_seed12345_best.pt
tpgd,7,horse,780,1000,0.78,78.0,tpgd x horse,PGD-AT,singlePGD,12345,/content/drive/MyDrive/ardg_project/FINAL/single_at_pgd_linf/single_at_pgd_linf_seed12345_best.pt
tpgd,8,ship,808,1000,0.808,80.80000000000001,tpgd x ship,PGD-AT,singlePGD,12345,/content/drive/MyDrive/ardg_project/FINAL/single_at_pgd_linf/single_at_pgd_linf_seed12345_best.pt
tpgd,9,truck,772,1000,0.772,77.2,tpgd x truck,PGD-AT,singlePGD,12345,/content/drive/MyDrive/ardg_project/FINAL/single_at_pgd_linf/single_at_pgd_linf_seed12345_best.pt
mifgsm,0,airplane,574,1000,0.574,57.4,mifgsm x airplane,PGD-AT,singlePGD,12345,/content/drive/MyDrive/ardg_project/FINAL/single_at_pgd_linf/single_at_pgd_linf_seed12345_best.pt
mifgsm,1,automobile,746,1000,0.746,74.6,mifgsm x automobile,PGD-AT,singlePGD,12345,/content/drive/MyDrive/ardg_project/FINAL/single_at_pgd_linf/single_at_pgd_linf_seed12345_best.pt
mifgsm,2,bird,367,1000,0.367,36.7,mifgsm x bird,PGD-AT,singlePGD,12345,/content/drive/MyDrive/ardg_project/FINAL/single_at_pgd_linf/single_at_pgd_linf_seed12345_best.pt
mifgsm,3,cat,257,1000,0.257,25.7,mifgsm x cat,PGD-AT,singlePGD,12345,/content/drive/MyDrive/ardg_project/FINAL/single_at_pgd_linf/single_at_pgd_linf_seed12345_best.pt
mifgsm,4,deer,275,1000,0.275,27.500000000000004,mifgsm x deer,PGD-AT,singlePGD,12345,/content/drive/MyDrive/ardg_project/FINAL/single_at_pgd_linf/single_at_pgd_linf_seed12345_best.pt
mifgsm,5,dog,378,1000,0.378,37.8,mifgsm x dog,PGD-AT,singlePGD,12345,/content/drive/MyDrive/ardg_project/FINAL/single_at_pgd_linf/single_at_pgd_linf_seed12345_best.pt
mifgsm,6,frog,583,1000,0.583,58.3,mifgsm x frog,PGD-AT,singlePGD,12345,/content/drive/MyDrive/ardg_project/FINAL/single_at_pgd_linf/single_at_pgd_linf_seed12345_best.pt
mifgsm,7,horse,624,1000,0.624,62.4,mifgsm x horse,PGD-AT,singlePGD,12345,/content/drive/MyDrive/ardg_project/FINAL/single_at_pgd_linf/single_at_pgd_linf_seed12345_best.pt
mifgsm,8,ship,677,1000,0.677,67.7,mifgsm x ship,PGD-AT,singlePGD,12345,/content/drive/MyDrive/ardg_project/FINAL/single_at_pgd_linf/single_at_pgd_linf_seed12345_best.pt
mifgsm,9,truck,612,1000,0.612,61.199999999999996,mifgsm x truck,PGD-AT,singlePGD,12345,/content/drive/MyDrive/ardg_project/FINAL/single_at_pgd_linf/single_at_pgd_linf_seed12345_best.pt
pgd_l2,0,airplane,674,1000,0.674,67.4,pgd_l2 x airplane,PGD-AT,singlePGD,12345,/content/drive/MyDrive/ardg_project/FINAL/single_at_pgd_linf/single_at_pgd_linf_seed12345_best.pt
pgd_l2,1,automobile,849,1000,0.849,84.89999999999999,pgd_l2 x automobile,PGD-AT,singlePGD,12345,/content/drive/MyDrive/ardg_project/FINAL/single_at_pgd_linf/single_at_pgd_linf_seed12345_best.pt
pgd_l2,2,bird,495,1000,0.495,49.5,pgd_l2 x bird,PGD-AT,singlePGD,12345,/content/drive/MyDrive/ardg_project/FINAL/single_at_pgd_linf/single_at_pgd_linf_seed12345_best.pt
pgd_l2,3,cat,374,1000,0.374,37.4,pgd_l2 x cat,PGD-AT,singlePGD,12345,/content/drive/MyDrive/ardg_project/FINAL/single_at_pgd_linf/single_at_pgd_linf_seed12345_best.pt
pgd_l2,4,deer,425,1000,0.425,42.5,pgd_l2 x deer,PGD-AT,singlePGD,12345,/content/drive/MyDrive/ardg_project/FINAL/single_at_pgd_linf/single_at_pgd_linf_seed12345_best.pt
pgd_l2,5,dog,472,1000,0.472,47.199999999999996,pgd_l2 x dog,PGD-AT,singlePGD,12345,/content/drive/MyDrive/ardg_project/FINAL/single_at_pgd_linf/single_at_pgd_linf_seed12345_best.pt
pgd_l2,6,frog,748,1000,0.748,74.8,pgd_l2 x frog,PGD-AT,singlePGD,12345,/content/drive/MyDrive/ardg_project/FINAL/single_at_pgd_linf/single_at_pgd_linf_seed12345_best.pt
pgd_l2,7,horse,738,1000,0.738,73.8,pgd_l2 x horse,PGD-AT,singlePGD,12345,/content/drive/MyDrive/ardg_project/FINAL/single_at_pgd_linf/single_at_pgd_linf_seed12345_best.pt
pgd_l2,8,ship,826,1000,0.826,82.6,pgd_l2 x ship,PGD-AT,singlePGD,12345,/content/drive/MyDrive/ardg_project/FINAL/single_at_pgd_linf/single_at_pgd_linf_seed12345_best.pt
pgd_l2,9,truck,754,1000,0.754,75.4,pgd_l2 x truck,PGD-AT,singlePGD,12345,/content/drive/MyDrive/ardg_project/FINAL/single_at_pgd_linf/single_at_pgd_linf_seed12345_best.pt
ddn_l2,0,airplane,641,1000,0.641,64.1,ddn_l2 x airplane,PGD-AT,singlePGD,12345,/content/drive/MyDrive/ardg_project/FINAL/single_at_pgd_linf/single_at_pgd_linf_seed12345_best.pt
ddn_l2,1,automobile,823,1000,0.823,82.3,ddn_l2 x automobile,PGD-AT,singlePGD,12345,/content/drive/MyDrive/ardg_project/FINAL/single_at_pgd_linf/single_at_pgd_linf_seed12345_best.pt
ddn_l2,2,bird,469,1000,0.469,46.9,ddn_l2 x bird,PGD-AT,singlePGD,12345,/content/drive/MyDrive/ardg_project/FINAL/single_at_pgd_linf/single_at_pgd_linf_seed12345_best.pt
ddn_l2,3,cat,342,1000,0.342,34.2,ddn_l2 x cat,PGD-AT,singlePGD,12345,/content/drive/MyDrive/ardg_project/FINAL/single_at_pgd_linf/single_at_pgd_linf_seed12345_best.pt
ddn_l2,4,deer,378,1000,0.378,37.8,ddn_l2 x deer,PGD-AT,singlePGD,12345,/content/drive/MyDrive/ardg_project/FINAL/single_at_pgd_linf/single_at_pgd_linf_seed12345_best.pt
ddn_l2,5,dog,445,1000,0.445,44.5,ddn_l2 x dog,PGD-AT,singlePGD,12345,/content/drive/MyDrive/ardg_project/FINAL/single_at_pgd_linf/single_at_pgd_linf_seed12345_best.pt
ddn_l2,6,frog,712,1000,0.712,71.2,ddn_l2 x frog,PGD-AT,singlePGD,12345,/content/drive/MyDrive/ardg_project/FINAL/single_at_pgd_linf/single_at_pgd_linf_seed12345_best.pt
ddn_l2,7,horse,715,1000,0.715,71.5,ddn_l2 x horse,PGD-AT,singlePGD,12345,/content/drive/MyDrive/ardg_project/FINAL/single_at_pgd_linf/single_at_pgd_linf_seed12345_best.pt
ddn_l2,8,ship,774,1000,0.774,77.4,ddn_l2 x ship,PGD-AT,singlePGD,12345,/content/drive/MyDrive/ardg_project/FINAL/single_at_pgd_linf/single_at_pgd_linf_seed12345_best.pt
ddn_l2,9,truck,725,1000,0.725,72.5,ddn_l2 x truck,PGD-AT,singlePGD,12345,/content/drive/MyDrive/ardg_project/FINAL/single_at_pgd_linf/single_at_pgd_linf_seed12345_best.pt
deepfool_l2,0,airplane,670,1000,0.67,67.0,deepfool_l2 x airplane,PGD-AT,singlePGD,12345,/content/drive/MyDrive/ardg_project/FINAL/single_at_pgd_linf/single_at_pgd_linf_seed12345_best.pt
deepfool_l2,1,automobile,852,1000,0.852,85.2,deepfool_l2 x automobile,PGD-AT,singlePGD,12345,/content/drive/MyDrive/ardg_project/FINAL/single_at_pgd_linf/single_at_pgd_linf_seed12345_best.pt
deepfool_l2,2,bird,496,1000,0.496,49.6,deepfool_l2 x bird,PGD-AT,singlePGD,12345,/content/drive/MyDrive/ardg_project/FINAL/single_at_pgd_linf/single_at_pgd_linf_seed12345_best.pt
deepfool_l2,3,cat,326,1000,0.326,32.6,deepfool_l2 x cat,PGD-AT,singlePGD,12345,/content/drive/MyDrive/ardg_project/FINAL/single_at_pgd_linf/single_at_pgd_linf_seed12345_best.pt
deepfool_l2,4,deer,340,1000,0.34,34.0,deepfool_l2 x deer,PGD-AT,singlePGD,12345,/content/drive/MyDrive/ardg_project/FINAL/single_at_pgd_linf/single_at_pgd_linf_seed12345_best.pt
deepfool_l2,5,dog,464,1000,0.464,46.400000000000006,deepfool_l2 x dog,PGD-AT,singlePGD,12345,/content/drive/MyDrive/ardg_project/FINAL/single_at_pgd_linf/single_at_pgd_linf_seed12345_best.pt
deepfool_l2,6,frog,721,1000,0.721,72.1,deepfool_l2 x frog,PGD-AT,singlePGD,12345,/content/drive/MyDrive/ardg_project/FINAL/single_at_pgd_linf/single_at_pgd_linf_seed12345_best.pt
deepfool_l2,7,horse,733,1000,0.733,73.3,deepfool_l2 x horse,PGD-AT,singlePGD,12345,/content/drive/MyDrive/ardg_project/FINAL/single_at_pgd_linf/single_at_pgd_linf_seed12345_best.pt
deepfool_l2,8,ship,808,1000,0.808,80.80000000000001,deepfool_l2 x ship,PGD-AT,singlePGD,12345,/content/drive/MyDrive/ardg_project/FINAL/single_at_pgd_linf/single_at_pgd_linf_seed12345_best.pt
deepfool_l2,9,truck,750,1000,0.75,75.0,deepfool_l2 x truck,PGD-AT,singlePGD,12345,/content/drive/MyDrive/ardg_project/FINAL/single_at_pgd_linf/single_at_pgd_linf_seed12345_best.pt
cw_l2,0,airplane,665,1000,0.665,66.5,cw_l2 x airplane,PGD-AT,singlePGD,12345,/content/drive/MyDrive/ardg_project/FINAL/single_at_pgd_linf/single_at_pgd_linf_seed12345_best.pt
cw_l2,1,automobile,852,1000,0.852,85.2,cw_l2 x automobile,PGD-AT,singlePGD,12345,/content/drive/MyDrive/ardg_project/FINAL/single_at_pgd_linf/single_at_pgd_linf_seed12345_best.pt
cw_l2,2,bird,479,1000,0.479,47.9,cw_l2 x bird,PGD-AT,singlePGD,12345,/content/drive/MyDrive/ardg_project/FINAL/single_at_pgd_linf/single_at_pgd_linf_seed12345_best.pt
cw_l2,3,cat,329,1000,0.329,32.9,cw_l2 x cat,PGD-AT,singlePGD,12345,/content/drive/MyDrive/ardg_project/FINAL/single_at_pgd_linf/single_at_pgd_linf_seed12345_best.pt
cw_l2,4,deer,368,1000,0.368,36.8,cw_l2 x deer,PGD-AT,singlePGD,12345,/content/drive/MyDrive/ardg_project/FINAL/single_at_pgd_linf/single_at_pgd_linf_seed12345_best.pt
cw_l2,5,dog,468,1000,0.468,46.800000000000004,cw_l2 x dog,PGD-AT,singlePGD,12345,/content/drive/MyDrive/ardg_project/FINAL/single_at_pgd_linf/single_at_pgd_linf_seed12345_best.pt
cw_l2,6,frog,713,1000,0.713,71.3,cw_l2 x frog,PGD-AT,singlePGD,12345,/content/drive/MyDrive/ardg_project/FINAL/single_at_pgd_linf/single_at_pgd_linf_seed12345_best.pt
cw_l2,7,horse,728,1000,0.728,72.8,cw_l2 x horse,PGD-AT,singlePGD,12345,/content/drive/MyDrive/ardg_project/FINAL/single_at_pgd_linf/single_at_pgd_linf_seed12345_best.pt
cw_l2,8,ship,815,1000,0.815,81.5,cw_l2 x ship,PGD-AT,singlePGD,12345,/content/drive/MyDrive/ardg_project/FINAL/single_at_pgd_linf/single_at_pgd_linf_seed12345_best.pt
cw_l2,9,truck,746,1000,0.746,74.6,cw_l2 x truck,PGD-AT,singlePGD,12345,/content/drive/MyDrive/ardg_project/FINAL/single_at_pgd_linf/single_at_pgd_linf_seed12345_best.pt
fgsm_rs,0,airplane,737,1000,0.737,73.7,fgsm_rs x airplane,DDN-AT,singleDDN,73,/content/drive/MyDrive/ardg_project/FINAL/single_at_ddn_l2/single_at_ddn_l2_seed73_best.pt
fgsm_rs,1,automobile,826,1000,0.826,82.6,fgsm_rs x automobile,DDN-AT,singleDDN,73,/content/drive/MyDrive/ardg_project/FINAL/single_at_ddn_l2/single_at_ddn_l2_seed73_best.pt
fgsm_rs,2,bird,516,1000,0.516,51.6,fgsm_rs x bird,DDN-AT,singleDDN,73,/content/drive/MyDrive/ardg_project/FINAL/single_at_ddn_l2/single_at_ddn_l2_seed73_best.pt
fgsm_rs,3,cat,345,1000,0.345,34.5,fgsm_rs x cat,DDN-AT,singleDDN,73,/content/drive/MyDrive/ardg_project/FINAL/single_at_ddn_l2/single_at_ddn_l2_seed73_best.pt
fgsm_rs,4,deer,522,1000,0.522,52.2,fgsm_rs x deer,DDN-AT,singleDDN,73,/content/drive/MyDrive/ardg_project/FINAL/single_at_ddn_l2/single_at_ddn_l2_seed73_best.pt
fgsm_rs,5,dog,520,1000,0.52,52.0,fgsm_rs x dog,DDN-AT,singleDDN,73,/content/drive/MyDrive/ardg_project/FINAL/single_at_ddn_l2/single_at_ddn_l2_seed73_best.pt
fgsm_rs,6,frog,712,1000,0.712,71.2,fgsm_rs x frog,DDN-AT,singleDDN,73,/content/drive/MyDrive/ardg_project/FINAL/single_at_ddn_l2/single_at_ddn_l2_seed73_best.pt
fgsm_rs,7,horse,737,1000,0.737,73.7,fgsm_rs x horse,DDN-AT,singleDDN,73,/content/drive/MyDrive/ardg_project/FINAL/single_at_ddn_l2/single_at_ddn_l2_seed73_best.pt
fgsm_rs,8,ship,802,1000,0.802,80.2,fgsm_rs x ship,DDN-AT,singleDDN,73,/content/drive/MyDrive/ardg_project/FINAL/single_at_ddn_l2/single_at_ddn_l2_seed73_best.pt
fgsm_rs,9,truck,785,1000,0.785,78.5,fgsm_rs x truck,DDN-AT,singleDDN,73,/content/drive/MyDrive/ardg_project/FINAL/single_at_ddn_l2/single_at_ddn_l2_seed73_best.pt
pgd20_ce,0,airplane,386,1000,0.386,38.6,pgd20_ce x airplane,DDN-AT,singleDDN,73,/content/drive/MyDrive/ardg_project/FINAL/single_at_ddn_l2/single_at_ddn_l2_seed73_best.pt
pgd20_ce,1,automobile,482,1000,0.482,48.199999999999996,pgd20_ce x automobile,DDN-AT,singleDDN,73,/content/drive/MyDrive/ardg_project/FINAL/single_at_ddn_l2/single_at_ddn_l2_seed73_best.pt
pgd20_ce,2,bird,152,1000,0.152,15.2,pgd20_ce x bird,DDN-AT,singleDDN,73,/content/drive/MyDrive/ardg_project/FINAL/single_at_ddn_l2/single_at_ddn_l2_seed73_best.pt
pgd20_ce,3,cat,62,1000,0.062,6.2,pgd20_ce x cat,DDN-AT,singleDDN,73,/content/drive/MyDrive/ardg_project/FINAL/single_at_ddn_l2/single_at_ddn_l2_seed73_best.pt
pgd20_ce,4,deer,94,1000,0.094,9.4,pgd20_ce x deer,DDN-AT,singleDDN,73,/content/drive/MyDrive/ardg_project/FINAL/single_at_ddn_l2/single_at_ddn_l2_seed73_best.pt
pgd20_ce,5,dog,171,1000,0.171,17.1,pgd20_ce x dog,DDN-AT,singleDDN,73,/content/drive/MyDrive/ardg_project/FINAL/single_at_ddn_l2/single_at_ddn_l2_seed73_best.pt
pgd20_ce,6,frog,204,1000,0.204,20.4,pgd20_ce x frog,DDN-AT,singleDDN,73,/content/drive/MyDrive/ardg_project/FINAL/single_at_ddn_l2/single_at_ddn_l2_seed73_best.pt
pgd20_ce,7,horse,367,1000,0.367,36.7,pgd20_ce x horse,DDN-AT,singleDDN,73,/content/drive/MyDrive/ardg_project/FINAL/single_at_ddn_l2/single_at_ddn_l2_seed73_best.pt
pgd20_ce,8,ship,328,1000,0.328,32.800000000000004,pgd20_ce x ship,DDN-AT,singleDDN,73,/content/drive/MyDrive/ardg_project/FINAL/single_at_ddn_l2/single_at_ddn_l2_seed73_best.pt
pgd20_ce,9,truck,397,1000,0.397,39.7,pgd20_ce x truck,DDN-AT,singleDDN,73,/content/drive/MyDrive/ardg_project/FINAL/single_at_ddn_l2/single_at_ddn_l2_seed73_best.pt
tpgd,0,airplane,704,1000,0.704,70.39999999999999,tpgd x airplane,DDN-AT,singleDDN,73,/content/drive/MyDrive/ardg_project/FINAL/single_at_ddn_l2/single_at_ddn_l2_seed73_best.pt
tpgd,1,automobile,754,1000,0.754,75.4,tpgd x automobile,DDN-AT,singleDDN,73,/content/drive/MyDrive/ardg_project/FINAL/single_at_ddn_l2/single_at_ddn_l2_seed73_best.pt
tpgd,2,bird,512,1000,0.512,51.2,tpgd x bird,DDN-AT,singleDDN,73,/content/drive/MyDrive/ardg_project/FINAL/single_at_ddn_l2/single_at_ddn_l2_seed73_best.pt
tpgd,3,cat,401,1000,0.401,40.1,tpgd x cat,DDN-AT,singleDDN,73,/content/drive/MyDrive/ardg_project/FINAL/single_at_ddn_l2/single_at_ddn_l2_seed73_best.pt
tpgd,4,deer,495,1000,0.495,49.5,tpgd x deer,DDN-AT,singleDDN,73,/content/drive/MyDrive/ardg_project/FINAL/single_at_ddn_l2/single_at_ddn_l2_seed73_best.pt
tpgd,5,dog,546,1000,0.546,54.6,tpgd x dog,DDN-AT,singleDDN,73,/content/drive/MyDrive/ardg_project/FINAL/single_at_ddn_l2/single_at_ddn_l2_seed73_best.pt
tpgd,6,frog,602,1000,0.602,60.199999999999996,tpgd x frog,DDN-AT,singleDDN,73,/content/drive/MyDrive/ardg_project/FINAL/single_at_ddn_l2/single_at_ddn_l2_seed73_best.pt
tpgd,7,horse,678,1000,0.678,67.80000000000001,tpgd x horse,DDN-AT,singleDDN,73,/content/drive/MyDrive/ardg_project/FINAL/single_at_ddn_l2/single_at_ddn_l2_seed73_best.pt
tpgd,8,ship,659,1000,0.659,65.9,tpgd x ship,DDN-AT,singleDDN,73,/content/drive/MyDrive/ardg_project/FINAL/single_at_ddn_l2/single_at_ddn_l2_seed73_best.pt
tpgd,9,truck,690,1000,0.69,69.0,tpgd x truck,DDN-AT,singleDDN,73,/content/drive/MyDrive/ardg_project/FINAL/single_at_ddn_l2/single_at_ddn_l2_seed73_best.pt
mifgsm,0,airplane,441,1000,0.441,44.1,mifgsm x airplane,DDN-AT,singleDDN,73,/content/drive/MyDrive/ardg_project/FINAL/single_at_ddn_l2/single_at_ddn_l2_seed73_best.pt
mifgsm,1,automobile,541,1000,0.541,54.1,mifgsm x automobile,DDN-AT,singleDDN,73,/content/drive/MyDrive/ardg_project/FINAL/single_at_ddn_l2/single_at_ddn_l2_seed73_best.pt
mifgsm,2,bird,198,1000,0.198,19.8,mifgsm x bird,DDN-AT,singleDDN,73,/content/drive/MyDrive/ardg_project/FINAL/single_at_ddn_l2/single_at_ddn_l2_seed73_best.pt
mifgsm,3,cat,91,1000,0.091,9.1,mifgsm x cat,DDN-AT,singleDDN,73,/content/drive/MyDrive/ardg_project/FINAL/single_at_ddn_l2/single_at_ddn_l2_seed73_best.pt
mifgsm,4,deer,120,1000,0.12,12.0,mifgsm x deer,DDN-AT,singleDDN,73,/content/drive/MyDrive/ardg_project/FINAL/single_at_ddn_l2/single_at_ddn_l2_seed73_best.pt
mifgsm,5,dog,208,1000,0.208,20.8,mifgsm x dog,DDN-AT,singleDDN,73,/content/drive/MyDrive/ardg_project/FINAL/single_at_ddn_l2/single_at_ddn_l2_seed73_best.pt
mifgsm,6,frog,266,1000,0.266,26.6,mifgsm x frog,DDN-AT,singleDDN,73,/content/drive/MyDrive/ardg_project/FINAL/single_at_ddn_l2/single_at_ddn_l2_seed73_best.pt
mifgsm,7,horse,419,1000,0.419,41.9,mifgsm x horse,DDN-AT,singleDDN,73,/content/drive/MyDrive/ardg_project/FINAL/single_at_ddn_l2/single_at_ddn_l2_seed73_best.pt
mifgsm,8,ship,395,1000,0.395,39.5,mifgsm x ship,DDN-AT,singleDDN,73,/content/drive/MyDrive/ardg_project/FINAL/single_at_ddn_l2/single_at_ddn_l2_seed73_best.pt
mifgsm,9,truck,457,1000,0.457,45.7,mifgsm x truck,DDN-AT,singleDDN,73,/content/drive/MyDrive/ardg_project/FINAL/single_at_ddn_l2/single_at_ddn_l2_seed73_best.pt
pgd_l2,0,airplane,772,1000,0.772,77.2,pgd_l2 x airplane,DDN-AT,singleDDN,73,/content/drive/MyDrive/ardg_project/FINAL/single_at_ddn_l2/single_at_ddn_l2_seed73_best.pt
pgd_l2,1,automobile,857,1000,0.857,85.7,pgd_l2 x automobile,DDN-AT,singleDDN,73,/content/drive/MyDrive/ardg_project/FINAL/single_at_ddn_l2/single_at_ddn_l2_seed73_best.pt
pgd_l2,2,bird,582,1000,0.582,58.199999999999996,pgd_l2 x bird,DDN-AT,singleDDN,73,/content/drive/MyDrive/ardg_project/FINAL/single_at_ddn_l2/single_at_ddn_l2_seed73_best.pt
pgd_l2,3,cat,421,1000,0.421,42.1,pgd_l2 x cat,DDN-AT,singleDDN,73,/content/drive/MyDrive/ardg_project/FINAL/single_at_ddn_l2/single_at_ddn_l2_seed73_best.pt
pgd_l2,4,deer,585,1000,0.585,58.5,pgd_l2 x deer,DDN-AT,singleDDN,73,/content/drive/MyDrive/ardg_project/FINAL/single_at_ddn_l2/single_at_ddn_l2_seed73_best.pt
pgd_l2,5,dog,568,1000,0.568,56.8,pgd_l2 x dog,DDN-AT,singleDDN,73,/content/drive/MyDrive/ardg_project/FINAL/single_at_ddn_l2/single_at_ddn_l2_seed73_best.pt
pgd_l2,6,frog,763,1000,0.763,76.3,pgd_l2 x frog,DDN-AT,singleDDN,73,/content/drive/MyDrive/ardg_project/FINAL/single_at_ddn_l2/single_at_ddn_l2_seed73_best.pt
pgd_l2,7,horse,787,1000,0.787,78.7,pgd_l2 x horse,DDN-AT,singleDDN,73,/content/drive/MyDrive/ardg_project/FINAL/single_at_ddn_l2/single_at_ddn_l2_seed73_best.pt
pgd_l2,8,ship,849,1000,0.849,84.89999999999999,pgd_l2 x ship,DDN-AT,singleDDN,73,/content/drive/MyDrive/ardg_project/FINAL/single_at_ddn_l2/single_at_ddn_l2_seed73_best.pt
pgd_l2,9,truck,816,1000,0.816,81.6,pgd_l2 x truck,DDN-AT,singleDDN,73,/content/drive/MyDrive/ardg_project/FINAL/single_at_ddn_l2/single_at_ddn_l2_seed73_best.pt
ddn_l2,0,airplane,747,1000,0.747,74.7,ddn_l2 x airplane,DDN-AT,singleDDN,73,/content/drive/MyDrive/ardg_project/FINAL/single_at_ddn_l2/single_at_ddn_l2_seed73_best.pt
ddn_l2,1,automobile,837,1000,0.837,83.7,ddn_l2 x automobile,DDN-AT,singleDDN,73,/content/drive/MyDrive/ardg_project/FINAL/single_at_ddn_l2/single_at_ddn_l2_seed73_best.pt
ddn_l2,2,bird,538,1000,0.538,53.800000000000004,ddn_l2 x bird,DDN-AT,singleDDN,73,/content/drive/MyDrive/ardg_project/FINAL/single_at_ddn_l2/single_at_ddn_l2_seed73_best.pt
ddn_l2,3,cat,365,1000,0.365,36.5,ddn_l2 x cat,DDN-AT,singleDDN,73,/content/drive/MyDrive/ardg_project/FINAL/single_at_ddn_l2/single_at_ddn_l2_seed73_best.pt
ddn_l2,4,deer,531,1000,0.531,53.1,ddn_l2 x deer,DDN-AT,singleDDN,73,/content/drive/MyDrive/ardg_project/FINAL/single_at_ddn_l2/single_at_ddn_l2_seed73_best.pt
ddn_l2,5,dog,535,1000,0.535,53.5,ddn_l2 x dog,DDN-AT,singleDDN,73,/content/drive/MyDrive/ardg_project/FINAL/single_at_ddn_l2/single_at_ddn_l2_seed73_best.pt
ddn_l2,6,frog,723,1000,0.723,72.3,ddn_l2 x frog,DDN-AT,singleDDN,73,/content/drive/MyDrive/ardg_project/FINAL/single_at_ddn_l2/single_at_ddn_l2_seed73_best.pt
ddn_l2,7,horse,760,1000,0.76,76.0,ddn_l2 x horse,DDN-AT,singleDDN,73,/content/drive/MyDrive/ardg_project/FINAL/single_at_ddn_l2/single_at_ddn_l2_seed73_best.pt
ddn_l2,8,ship,815,1000,0.815,81.5,ddn_l2 x ship,DDN-AT,singleDDN,73,/content/drive/MyDrive/ardg_project/FINAL/single_at_ddn_l2/single_at_ddn_l2_seed73_best.pt
ddn_l2,9,truck,794,1000,0.794,79.4,ddn_l2 x truck,DDN-AT,singleDDN,73,/content/drive/MyDrive/ardg_project/FINAL/single_at_ddn_l2/single_at_ddn_l2_seed73_best.pt
deepfool_l2,0,airplane,764,1000,0.764,76.4,deepfool_l2 x airplane,DDN-AT,singleDDN,73,/content/drive/MyDrive/ardg_project/FINAL/single_at_ddn_l2/single_at_ddn_l2_seed73_best.pt
deepfool_l2,1,automobile,847,1000,0.847,84.7,deepfool_l2 x automobile,DDN-AT,singleDDN,73,/content/drive/MyDrive/ardg_project/FINAL/single_at_ddn_l2/single_at_ddn_l2_seed73_best.pt
deepfool_l2,2,bird,574,1000,0.574,57.4,deepfool_l2 x bird,DDN-AT,singleDDN,73,/content/drive/MyDrive/ardg_project/FINAL/single_at_ddn_l2/single_at_ddn_l2_seed73_best.pt
deepfool_l2,3,cat,398,1000,0.398,39.800000000000004,deepfool_l2 x cat,DDN-AT,singleDDN,73,/content/drive/MyDrive/ardg_project/FINAL/single_at_ddn_l2/single_at_ddn_l2_seed73_best.pt
deepfool_l2,4,deer,556,1000,0.556,55.60000000000001,deepfool_l2 x deer,DDN-AT,singleDDN,73,/content/drive/MyDrive/ardg_project/FINAL/single_at_ddn_l2/single_at_ddn_l2_seed73_best.pt
deepfool_l2,5,dog,564,1000,0.564,56.39999999999999,deepfool_l2 x dog,DDN-AT,singleDDN,73,/content/drive/MyDrive/ardg_project/FINAL/single_at_ddn_l2/single_at_ddn_l2_seed73_best.pt
deepfool_l2,6,frog,752,1000,0.752,75.2,deepfool_l2 x frog,DDN-AT,singleDDN,73,/content/drive/MyDrive/ardg_project/FINAL/single_at_ddn_l2/single_at_ddn_l2_seed73_best.pt
deepfool_l2,7,horse,779,1000,0.779,77.9,deepfool_l2 x horse,DDN-AT,singleDDN,73,/content/drive/MyDrive/ardg_project/FINAL/single_at_ddn_l2/single_at_ddn_l2_seed73_best.pt
deepfool_l2,8,ship,832,1000,0.832,83.2,deepfool_l2 x ship,DDN-AT,singleDDN,73,/content/drive/MyDrive/ardg_project/FINAL/single_at_ddn_l2/single_at_ddn_l2_seed73_best.pt
deepfool_l2,9,truck,810,1000,0.81,81.0,deepfool_l2 x truck,DDN-AT,singleDDN,73,/content/drive/MyDrive/ardg_project/FINAL/single_at_ddn_l2/single_at_ddn_l2_seed73_best.pt
cw_l2,0,airplane,774,1000,0.774,77.4,cw_l2 x airplane,DDN-AT,singleDDN,73,/content/drive/MyDrive/ardg_project/FINAL/single_at_ddn_l2/single_at_ddn_l2_seed73_best.pt
cw_l2,1,automobile,867,1000,0.867,86.7,cw_l2 x automobile,DDN-AT,singleDDN,73,/content/drive/MyDrive/ardg_project/FINAL/single_at_ddn_l2/single_at_ddn_l2_seed73_best.pt
cw_l2,2,bird,592,1000,0.592,59.199999999999996,cw_l2 x bird,DDN-AT,singleDDN,73,/content/drive/MyDrive/ardg_project/FINAL/single_at_ddn_l2/single_at_ddn_l2_seed73_best.pt
cw_l2,3,cat,410,1000,0.41,41.0,cw_l2 x cat,DDN-AT,singleDDN,73,/content/drive/MyDrive/ardg_project/FINAL/single_at_ddn_l2/single_at_ddn_l2_seed73_best.pt
cw_l2,4,deer,602,1000,0.602,60.199999999999996,cw_l2 x deer,DDN-AT,singleDDN,73,/content/drive/MyDrive/ardg_project/FINAL/single_at_ddn_l2/single_at_ddn_l2_seed73_best.pt
cw_l2,5,dog,566,1000,0.566,56.599999999999994,cw_l2 x dog,DDN-AT,singleDDN,73,/content/drive/MyDrive/ardg_project/FINAL/single_at_ddn_l2/single_at_ddn_l2_seed73_best.pt
cw_l2,6,frog,763,1000,0.763,76.3,cw_l2 x frog,DDN-AT,singleDDN,73,/content/drive/MyDrive/ardg_project/FINAL/single_at_ddn_l2/single_at_ddn_l2_seed73_best.pt
cw_l2,7,horse,793,1000,0.793,79.3,cw_l2 x horse,DDN-AT,singleDDN,73,/content/drive/MyDrive/ardg_project/FINAL/single_at_ddn_l2/single_at_ddn_l2_seed73_best.pt
cw_l2,8,ship,853,1000,0.853,85.3,cw_l2 x ship,DDN-AT,singleDDN,73,/content/drive/MyDrive/ardg_project/FINAL/single_at_ddn_l2/single_at_ddn_l2_seed73_best.pt
cw_l2,9,truck,832,1000,0.832,83.2,cw_l2 x truck,DDN-AT,singleDDN,73,/content/drive/MyDrive/ardg_project/FINAL/single_at_ddn_l2/single_at_ddn_l2_seed73_best.pt
fgsm_rs,0,airplane,711,1000,0.711,71.1,fgsm_rs x airplane,DDN-AT,singleDDN,202,/content/drive/MyDrive/ardg_project/FINAL/single_at_ddn_l2/single_at_ddn_l2_seed202_best.pt
fgsm_rs,1,automobile,800,1000,0.8,80.0,fgsm_rs x automobile,DDN-AT,singleDDN,202,/content/drive/MyDrive/ardg_project/FINAL/single_at_ddn_l2/single_at_ddn_l2_seed202_best.pt
fgsm_rs,2,bird,512,1000,0.512,51.2,fgsm_rs x bird,DDN-AT,singleDDN,202,/content/drive/MyDrive/ardg_project/FINAL/single_at_ddn_l2/single_at_ddn_l2_seed202_best.pt
fgsm_rs,3,cat,405,1000,0.405,40.5,fgsm_rs x cat,DDN-AT,singleDDN,202,/content/drive/MyDrive/ardg_project/FINAL/single_at_ddn_l2/single_at_ddn_l2_seed202_best.pt
fgsm_rs,4,deer,538,1000,0.538,53.800000000000004,fgsm_rs x deer,DDN-AT,singleDDN,202,/content/drive/MyDrive/ardg_project/FINAL/single_at_ddn_l2/single_at_ddn_l2_seed202_best.pt
fgsm_rs,5,dog,449,1000,0.449,44.9,fgsm_rs x dog,DDN-AT,singleDDN,202,/content/drive/MyDrive/ardg_project/FINAL/single_at_ddn_l2/single_at_ddn_l2_seed202_best.pt
fgsm_rs,6,frog,697,1000,0.697,69.69999999999999,fgsm_rs x frog,DDN-AT,singleDDN,202,/content/drive/MyDrive/ardg_project/FINAL/single_at_ddn_l2/single_at_ddn_l2_seed202_best.pt
fgsm_rs,7,horse,740,1000,0.74,74.0,fgsm_rs x horse,DDN-AT,singleDDN,202,/content/drive/MyDrive/ardg_project/FINAL/single_at_ddn_l2/single_at_ddn_l2_seed202_best.pt
fgsm_rs,8,ship,814,1000,0.814,81.39999999999999,fgsm_rs x ship,DDN-AT,singleDDN,202,/content/drive/MyDrive/ardg_project/FINAL/single_at_ddn_l2/single_at_ddn_l2_seed202_best.pt
fgsm_rs,9,truck,779,1000,0.779,77.9,fgsm_rs x truck,DDN-AT,singleDDN,202,/content/drive/MyDrive/ardg_project/FINAL/single_at_ddn_l2/single_at_ddn_l2_seed202_best.pt
pgd20_ce,0,airplane,353,1000,0.353,35.3,pgd20_ce x airplane,DDN-AT,singleDDN,202,/content/drive/MyDrive/ardg_project/FINAL/single_at_ddn_l2/single_at_ddn_l2_seed202_best.pt
pgd20_ce,1,automobile,443,1000,0.443,44.3,pgd20_ce x automobile,DDN-AT,singleDDN,202,/content/drive/MyDrive/ardg_project/FINAL/single_at_ddn_l2/single_at_ddn_l2_seed202_best.pt
pgd20_ce,2,bird,165,1000,0.165,16.5,pgd20_ce x bird,DDN-AT,singleDDN,202,/content/drive/MyDrive/ardg_project/FINAL/single_at_ddn_l2/single_at_ddn_l2_seed202_best.pt
pgd20_ce,3,cat,84,1000,0.084,8.4,pgd20_ce x cat,DDN-AT,singleDDN,202,/content/drive/MyDrive/ardg_project/FINAL/single_at_ddn_l2/single_at_ddn_l2_seed202_best.pt
pgd20_ce,4,deer,92,1000,0.092,9.2,pgd20_ce x deer,DDN-AT,singleDDN,202,/content/drive/MyDrive/ardg_project/FINAL/single_at_ddn_l2/single_at_ddn_l2_seed202_best.pt
pgd20_ce,5,dog,129,1000,0.129,12.9,pgd20_ce x dog,DDN-AT,singleDDN,202,/content/drive/MyDrive/ardg_project/FINAL/single_at_ddn_l2/single_at_ddn_l2_seed202_best.pt
pgd20_ce,6,frog,212,1000,0.212,21.2,pgd20_ce x frog,DDN-AT,singleDDN,202,/content/drive/MyDrive/ardg_project/FINAL/single_at_ddn_l2/single_at_ddn_l2_seed202_best.pt
pgd20_ce,7,horse,360,1000,0.36,36.0,pgd20_ce x horse,DDN-AT,singleDDN,202,/content/drive/MyDrive/ardg_project/FINAL/single_at_ddn_l2/single_at_ddn_l2_seed202_best.pt
pgd20_ce,8,ship,377,1000,0.377,37.7,pgd20_ce x ship,DDN-AT,singleDDN,202,/content/drive/MyDrive/ardg_project/FINAL/single_at_ddn_l2/single_at_ddn_l2_seed202_best.pt
pgd20_ce,9,truck,381,1000,0.381,38.1,pgd20_ce x truck,DDN-AT,singleDDN,202,/content/drive/MyDrive/ardg_project/FINAL/single_at_ddn_l2/single_at_ddn_l2_seed202_best.pt
tpgd,0,airplane,656,1000,0.656,65.60000000000001,tpgd x airplane,DDN-AT,singleDDN,202,/content/drive/MyDrive/ardg_project/FINAL/single_at_ddn_l2/single_at_ddn_l2_seed202_best.pt
tpgd,1,automobile,719,1000,0.719,71.89999999999999,tpgd x automobile,DDN-AT,singleDDN,202,/content/drive/MyDrive/ardg_project/FINAL/single_at_ddn_l2/single_at_ddn_l2_seed202_best.pt
tpgd,2,bird,535,1000,0.535,53.5,tpgd x bird,DDN-AT,singleDDN,202,/content/drive/MyDrive/ardg_project/FINAL/single_at_ddn_l2/single_at_ddn_l2_seed202_best.pt
tpgd,3,cat,376,1000,0.376,37.6,tpgd x cat,DDN-AT,singleDDN,202,/content/drive/MyDrive/ardg_project/FINAL/single_at_ddn_l2/single_at_ddn_l2_seed202_best.pt
tpgd,4,deer,511,1000,0.511,51.1,tpgd x deer,DDN-AT,singleDDN,202,/content/drive/MyDrive/ardg_project/FINAL/single_at_ddn_l2/single_at_ddn_l2_seed202_best.pt
tpgd,5,dog,497,1000,0.497,49.7,tpgd x dog,DDN-AT,singleDDN,202,/content/drive/MyDrive/ardg_project/FINAL/single_at_ddn_l2/single_at_ddn_l2_seed202_best.pt
tpgd,6,frog,610,1000,0.61,61.0,tpgd x frog,DDN-AT,singleDDN,202,/content/drive/MyDrive/ardg_project/FINAL/single_at_ddn_l2/single_at_ddn_l2_seed202_best.pt
tpgd,7,horse,687,1000,0.687,68.7,tpgd x horse,DDN-AT,singleDDN,202,/content/drive/MyDrive/ardg_project/FINAL/single_at_ddn_l2/single_at_ddn_l2_seed202_best.pt
tpgd,8,ship,684,1000,0.684,68.4,tpgd x ship,DDN-AT,singleDDN,202,/content/drive/MyDrive/ardg_project/FINAL/single_at_ddn_l2/single_at_ddn_l2_seed202_best.pt
tpgd,9,truck,699,1000,0.699,69.89999999999999,tpgd x truck,DDN-AT,singleDDN,202,/content/drive/MyDrive/ardg_project/FINAL/single_at_ddn_l2/single_at_ddn_l2_seed202_best.pt
mifgsm,0,airplane,398,1000,0.398,39.800000000000004,mifgsm x airplane,DDN-AT,singleDDN,202,/content/drive/MyDrive/ardg_project/FINAL/single_at_ddn_l2/single_at_ddn_l2_seed202_best.pt
mifgsm,1,automobile,506,1000,0.506,50.6,mifgsm x automobile,DDN-AT,singleDDN,202,/content/drive/MyDrive/ardg_project/FINAL/single_at_ddn_l2/single_at_ddn_l2_seed202_best.pt
mifgsm,2,bird,202,1000,0.202,20.200000000000003,mifgsm x bird,DDN-AT,singleDDN,202,/content/drive/MyDrive/ardg_project/FINAL/single_at_ddn_l2/single_at_ddn_l2_seed202_best.pt
mifgsm,3,cat,113,1000,0.113,11.3,mifgsm x cat,DDN-AT,singleDDN,202,/content/drive/MyDrive/ardg_project/FINAL/single_at_ddn_l2/single_at_ddn_l2_seed202_best.pt
mifgsm,4,deer,125,1000,0.125,12.5,mifgsm x deer,DDN-AT,singleDDN,202,/content/drive/MyDrive/ardg_project/FINAL/single_at_ddn_l2/single_at_ddn_l2_seed202_best.pt
mifgsm,5,dog,156,1000,0.156,15.6,mifgsm x dog,DDN-AT,singleDDN,202,/content/drive/MyDrive/ardg_project/FINAL/single_at_ddn_l2/single_at_ddn_l2_seed202_best.pt
mifgsm,6,frog,255,1000,0.255,25.5,mifgsm x frog,DDN-AT,singleDDN,202,/content/drive/MyDrive/ardg_project/FINAL/single_at_ddn_l2/single_at_ddn_l2_seed202_best.pt
mifgsm,7,horse,414,1000,0.414,41.4,mifgsm x horse,DDN-AT,singleDDN,202,/content/drive/MyDrive/ardg_project/FINAL/single_at_ddn_l2/single_at_ddn_l2_seed202_best.pt
mifgsm,8,ship,431,1000,0.431,43.1,mifgsm x ship,DDN-AT,singleDDN,202,/content/drive/MyDrive/ardg_project/FINAL/single_at_ddn_l2/single_at_ddn_l2_seed202_best.pt
mifgsm,9,truck,433,1000,0.433,43.3,mifgsm x truck,DDN-AT,singleDDN,202,/content/drive/MyDrive/ardg_project/FINAL/single_at_ddn_l2/single_at_ddn_l2_seed202_best.pt
pgd_l2,0,airplane,750,1000,0.75,75.0,pgd_l2 x airplane,DDN-AT,singleDDN,202,/content/drive/MyDrive/ardg_project/FINAL/single_at_ddn_l2/single_at_ddn_l2_seed202_best.pt
pgd_l2,1,automobile,835,1000,0.835,83.5,pgd_l2 x automobile,DDN-AT,singleDDN,202,/content/drive/MyDrive/ardg_project/FINAL/single_at_ddn_l2/single_at_ddn_l2_seed202_best.pt
pgd_l2,2,bird,568,1000,0.568,56.8,pgd_l2 x bird,DDN-AT,singleDDN,202,/content/drive/MyDrive/ardg_project/FINAL/single_at_ddn_l2/single_at_ddn_l2_seed202_best.pt
pgd_l2,3,cat,469,1000,0.469,46.9,pgd_l2 x cat,DDN-AT,singleDDN,202,/content/drive/MyDrive/ardg_project/FINAL/single_at_ddn_l2/single_at_ddn_l2_seed202_best.pt
pgd_l2,4,deer,603,1000,0.603,60.3,pgd_l2 x deer,DDN-AT,singleDDN,202,/content/drive/MyDrive/ardg_project/FINAL/single_at_ddn_l2/single_at_ddn_l2_seed202_best.pt
pgd_l2,5,dog,508,1000,0.508,50.8,pgd_l2 x dog,DDN-AT,singleDDN,202,/content/drive/MyDrive/ardg_project/FINAL/single_at_ddn_l2/single_at_ddn_l2_seed202_best.pt
pgd_l2,6,frog,754,1000,0.754,75.4,pgd_l2 x frog,DDN-AT,singleDDN,202,/content/drive/MyDrive/ardg_project/FINAL/single_at_ddn_l2/single_at_ddn_l2_seed202_best.pt
pgd_l2,7,horse,783,1000,0.783,78.3,pgd_l2 x horse,DDN-AT,singleDDN,202,/content/drive/MyDrive/ardg_project/FINAL/single_at_ddn_l2/single_at_ddn_l2_seed202_best.pt
pgd_l2,8,ship,844,1000,0.844,84.39999999999999,pgd_l2 x ship,DDN-AT,singleDDN,202,/content/drive/MyDrive/ardg_project/FINAL/single_at_ddn_l2/single_at_ddn_l2_seed202_best.pt
pgd_l2,9,truck,821,1000,0.821,82.1,pgd_l2 x truck,DDN-AT,singleDDN,202,/content/drive/MyDrive/ardg_project/FINAL/single_at_ddn_l2/single_at_ddn_l2_seed202_best.pt
ddn_l2,0,airplane,722,1000,0.722,72.2,ddn_l2 x airplane,DDN-AT,singleDDN,202,/content/drive/MyDrive/ardg_project/FINAL/single_at_ddn_l2/single_at_ddn_l2_seed202_best.pt
ddn_l2,1,automobile,809,1000,0.809,80.9,ddn_l2 x automobile,DDN-AT,singleDDN,202,/content/drive/MyDrive/ardg_project/FINAL/single_at_ddn_l2/single_at_ddn_l2_seed202_best.pt
ddn_l2,2,bird,534,1000,0.534,53.400000000000006,ddn_l2 x bird,DDN-AT,singleDDN,202,/content/drive/MyDrive/ardg_project/FINAL/single_at_ddn_l2/single_at_ddn_l2_seed202_best.pt
ddn_l2,3,cat,413,1000,0.413,41.3,ddn_l2 x cat,DDN-AT,singleDDN,202,/content/drive/MyDrive/ardg_project/FINAL/single_at_ddn_l2/single_at_ddn_l2_seed202_best.pt
ddn_l2,4,deer,544,1000,0.544,54.400000000000006,ddn_l2 x deer,DDN-AT,singleDDN,202,/content/drive/MyDrive/ardg_project/FINAL/single_at_ddn_l2/single_at_ddn_l2_seed202_best.pt
ddn_l2,5,dog,458,1000,0.458,45.800000000000004,ddn_l2 x dog,DDN-AT,singleDDN,202,/content/drive/MyDrive/ardg_project/FINAL/single_at_ddn_l2/single_at_ddn_l2_seed202_best.pt
ddn_l2,6,frog,708,1000,0.708,70.8,ddn_l2 x frog,DDN-AT,singleDDN,202,/content/drive/MyDrive/ardg_project/FINAL/single_at_ddn_l2/single_at_ddn_l2_seed202_best.pt
ddn_l2,7,horse,762,1000,0.762,76.2,ddn_l2 x horse,DDN-AT,singleDDN,202,/content/drive/MyDrive/ardg_project/FINAL/single_at_ddn_l2/single_at_ddn_l2_seed202_best.pt
ddn_l2,8,ship,823,1000,0.823,82.3,ddn_l2 x ship,DDN-AT,singleDDN,202,/content/drive/MyDrive/ardg_project/FINAL/single_at_ddn_l2/single_at_ddn_l2_seed202_best.pt
ddn_l2,9,truck,794,1000,0.794,79.4,ddn_l2 x truck,DDN-AT,singleDDN,202,/content/drive/MyDrive/ardg_project/FINAL/single_at_ddn_l2/single_at_ddn_l2_seed202_best.pt
deepfool_l2,0,airplane,740,1000,0.74,74.0,deepfool_l2 x airplane,DDN-AT,singleDDN,202,/content/drive/MyDrive/ardg_project/FINAL/single_at_ddn_l2/single_at_ddn_l2_seed202_best.pt
deepfool_l2,1,automobile,817,1000,0.817,81.69999999999999,deepfool_l2 x automobile,DDN-AT,singleDDN,202,/content/drive/MyDrive/ardg_project/FINAL/single_at_ddn_l2/single_at_ddn_l2_seed202_best.pt
deepfool_l2,2,bird,554,1000,0.554,55.400000000000006,deepfool_l2 x bird,DDN-AT,singleDDN,202,/content/drive/MyDrive/ardg_project/FINAL/single_at_ddn_l2/single_at_ddn_l2_seed202_best.pt
deepfool_l2,3,cat,439,1000,0.439,43.9,deepfool_l2 x cat,DDN-AT,singleDDN,202,/content/drive/MyDrive/ardg_project/FINAL/single_at_ddn_l2/single_at_ddn_l2_seed202_best.pt
deepfool_l2,4,deer,586,1000,0.586,58.599999999999994,deepfool_l2 x deer,DDN-AT,singleDDN,202,/content/drive/MyDrive/ardg_project/FINAL/single_at_ddn_l2/single_at_ddn_l2_seed202_best.pt
deepfool_l2,5,dog,487,1000,0.487,48.699999999999996,deepfool_l2 x dog,DDN-AT,singleDDN,202,/content/drive/MyDrive/ardg_project/FINAL/single_at_ddn_l2/single_at_ddn_l2_seed202_best.pt
deepfool_l2,6,frog,726,1000,0.726,72.6,deepfool_l2 x frog,DDN-AT,singleDDN,202,/content/drive/MyDrive/ardg_project/FINAL/single_at_ddn_l2/single_at_ddn_l2_seed202_best.pt
deepfool_l2,7,horse,771,1000,0.771,77.10000000000001,deepfool_l2 x horse,DDN-AT,singleDDN,202,/content/drive/MyDrive/ardg_project/FINAL/single_at_ddn_l2/single_at_ddn_l2_seed202_best.pt
deepfool_l2,8,ship,838,1000,0.838,83.8,deepfool_l2 x ship,DDN-AT,singleDDN,202,/content/drive/MyDrive/ardg_project/FINAL/single_at_ddn_l2/single_at_ddn_l2_seed202_best.pt
deepfool_l2,9,truck,810,1000,0.81,81.0,deepfool_l2 x truck,DDN-AT,singleDDN,202,/content/drive/MyDrive/ardg_project/FINAL/single_at_ddn_l2/single_at_ddn_l2_seed202_best.pt
cw_l2,0,airplane,752,1000,0.752,75.2,cw_l2 x airplane,DDN-AT,singleDDN,202,/content/drive/MyDrive/ardg_project/FINAL/single_at_ddn_l2/single_at_ddn_l2_seed202_best.pt
cw_l2,1,automobile,840,1000,0.84,84.0,cw_l2 x automobile,DDN-AT,singleDDN,202,/content/drive/MyDrive/ardg_project/FINAL/single_at_ddn_l2/single_at_ddn_l2_seed202_best.pt
cw_l2,2,bird,571,1000,0.571,57.099999999999994,cw_l2 x bird,DDN-AT,singleDDN,202,/content/drive/MyDrive/ardg_project/FINAL/single_at_ddn_l2/single_at_ddn_l2_seed202_best.pt
cw_l2,3,cat,455,1000,0.455,45.5,cw_l2 x cat,DDN-AT,singleDDN,202,/content/drive/MyDrive/ardg_project/FINAL/single_at_ddn_l2/single_at_ddn_l2_seed202_best.pt
cw_l2,4,deer,598,1000,0.598,59.8,cw_l2 x deer,DDN-AT,singleDDN,202,/content/drive/MyDrive/ardg_project/FINAL/single_at_ddn_l2/single_at_ddn_l2_seed202_best.pt
cw_l2,5,dog,502,1000,0.502,50.2,cw_l2 x dog,DDN-AT,singleDDN,202,/content/drive/MyDrive/ardg_project/FINAL/single_at_ddn_l2/single_at_ddn_l2_seed202_best.pt
cw_l2,6,frog,753,1000,0.753,75.3,cw_l2 x frog,DDN-AT,singleDDN,202,/content/drive/MyDrive/ardg_project/FINAL/single_at_ddn_l2/single_at_ddn_l2_seed202_best.pt
cw_l2,7,horse,790,1000,0.79,79.0,cw_l2 x horse,DDN-AT,singleDDN,202,/content/drive/MyDrive/ardg_project/FINAL/single_at_ddn_l2/single_at_ddn_l2_seed202_best.pt
cw_l2,8,ship,851,1000,0.851,85.1,cw_l2 x ship,DDN-AT,singleDDN,202,/content/drive/MyDrive/ardg_project/FINAL/single_at_ddn_l2/single_at_ddn_l2_seed202_best.pt
cw_l2,9,truck,822,1000,0.822,82.19999999999999,cw_l2 x truck,DDN-AT,singleDDN,202,/content/drive/MyDrive/ardg_project/FINAL/single_at_ddn_l2/single_at_ddn_l2_seed202_best.pt
fgsm_rs,0,airplane,697,1000,0.697,69.69999999999999,fgsm_rs x airplane,DDN-AT,singleDDN,1337,/content/drive/MyDrive/ardg_project/FINAL/single_at_ddn_l2/single_at_ddn_l2_seed1337_best.pt
fgsm_rs,1,automobile,829,1000,0.829,82.89999999999999,fgsm_rs x automobile,DDN-AT,singleDDN,1337,/content/drive/MyDrive/ardg_project/FINAL/single_at_ddn_l2/single_at_ddn_l2_seed1337_best.pt
fgsm_rs,2,bird,498,1000,0.498,49.8,fgsm_rs x bird,DDN-AT,singleDDN,1337,/content/drive/MyDrive/ardg_project/FINAL/single_at_ddn_l2/single_at_ddn_l2_seed1337_best.pt
fgsm_rs,3,cat,345,1000,0.345,34.5,fgsm_rs x cat,DDN-AT,singleDDN,1337,/content/drive/MyDrive/ardg_project/FINAL/single_at_ddn_l2/single_at_ddn_l2_seed1337_best.pt
fgsm_rs,4,deer,554,1000,0.554,55.400000000000006,fgsm_rs x deer,DDN-AT,singleDDN,1337,/content/drive/MyDrive/ardg_project/FINAL/single_at_ddn_l2/single_at_ddn_l2_seed1337_best.pt
fgsm_rs,5,dog,514,1000,0.514,51.4,fgsm_rs x dog,DDN-AT,singleDDN,1337,/content/drive/MyDrive/ardg_project/FINAL/single_at_ddn_l2/single_at_ddn_l2_seed1337_best.pt
fgsm_rs,6,frog,732,1000,0.732,73.2,fgsm_rs x frog,DDN-AT,singleDDN,1337,/content/drive/MyDrive/ardg_project/FINAL/single_at_ddn_l2/single_at_ddn_l2_seed1337_best.pt
fgsm_rs,7,horse,723,1000,0.723,72.3,fgsm_rs x horse,DDN-AT,singleDDN,1337,/content/drive/MyDrive/ardg_project/FINAL/single_at_ddn_l2/single_at_ddn_l2_seed1337_best.pt
fgsm_rs,8,ship,814,1000,0.814,81.39999999999999,fgsm_rs x ship,DDN-AT,singleDDN,1337,/content/drive/MyDrive/ardg_project/FINAL/single_at_ddn_l2/single_at_ddn_l2_seed1337_best.pt
fgsm_rs,9,truck,764,1000,0.764,76.4,fgsm_rs x truck,DDN-AT,singleDDN,1337,/content/drive/MyDrive/ardg_project/FINAL/single_at_ddn_l2/single_at_ddn_l2_seed1337_best.pt
pgd20_ce,0,airplane,325,1000,0.325,32.5,pgd20_ce x airplane,DDN-AT,singleDDN,1337,/content/drive/MyDrive/ardg_project/FINAL/single_at_ddn_l2/single_at_ddn_l2_seed1337_best.pt
pgd20_ce,1,automobile,499,1000,0.499,49.9,pgd20_ce x automobile,DDN-AT,singleDDN,1337,/content/drive/MyDrive/ardg_project/FINAL/single_at_ddn_l2/single_at_ddn_l2_seed1337_best.pt
pgd20_ce,2,bird,156,1000,0.156,15.6,pgd20_ce x bird,DDN-AT,singleDDN,1337,/content/drive/MyDrive/ardg_project/FINAL/single_at_ddn_l2/single_at_ddn_l2_seed1337_best.pt
pgd20_ce,3,cat,59,1000,0.059,5.8999999999999995,pgd20_ce x cat,DDN-AT,singleDDN,1337,/content/drive/MyDrive/ardg_project/FINAL/single_at_ddn_l2/single_at_ddn_l2_seed1337_best.pt
pgd20_ce,4,deer,110,1000,0.11,11.0,pgd20_ce x deer,DDN-AT,singleDDN,1337,/content/drive/MyDrive/ardg_project/FINAL/single_at_ddn_l2/single_at_ddn_l2_seed1337_best.pt
pgd20_ce,5,dog,170,1000,0.17,17.0,pgd20_ce x dog,DDN-AT,singleDDN,1337,/content/drive/MyDrive/ardg_project/FINAL/single_at_ddn_l2/single_at_ddn_l2_seed1337_best.pt
pgd20_ce,6,frog,226,1000,0.226,22.6,pgd20_ce x frog,DDN-AT,singleDDN,1337,/content/drive/MyDrive/ardg_project/FINAL/single_at_ddn_l2/single_at_ddn_l2_seed1337_best.pt
pgd20_ce,7,horse,353,1000,0.353,35.3,pgd20_ce x horse,DDN-AT,singleDDN,1337,/content/drive/MyDrive/ardg_project/FINAL/single_at_ddn_l2/single_at_ddn_l2_seed1337_best.pt
pgd20_ce,8,ship,374,1000,0.374,37.4,pgd20_ce x ship,DDN-AT,singleDDN,1337,/content/drive/MyDrive/ardg_project/FINAL/single_at_ddn_l2/single_at_ddn_l2_seed1337_best.pt
pgd20_ce,9,truck,382,1000,0.382,38.2,pgd20_ce x truck,DDN-AT,singleDDN,1337,/content/drive/MyDrive/ardg_project/FINAL/single_at_ddn_l2/single_at_ddn_l2_seed1337_best.pt
tpgd,0,airplane,642,1000,0.642,64.2,tpgd x airplane,DDN-AT,singleDDN,1337,/content/drive/MyDrive/ardg_project/FINAL/single_at_ddn_l2/single_at_ddn_l2_seed1337_best.pt
tpgd,1,automobile,750,1000,0.75,75.0,tpgd x automobile,DDN-AT,singleDDN,1337,/content/drive/MyDrive/ardg_project/FINAL/single_at_ddn_l2/single_at_ddn_l2_seed1337_best.pt
tpgd,2,bird,525,1000,0.525,52.5,tpgd x bird,DDN-AT,singleDDN,1337,/content/drive/MyDrive/ardg_project/FINAL/single_at_ddn_l2/single_at_ddn_l2_seed1337_best.pt
tpgd,3,cat,370,1000,0.37,37.0,tpgd x cat,DDN-AT,singleDDN,1337,/content/drive/MyDrive/ardg_project/FINAL/single_at_ddn_l2/single_at_ddn_l2_seed1337_best.pt
tpgd,4,deer,512,1000,0.512,51.2,tpgd x deer,DDN-AT,singleDDN,1337,/content/drive/MyDrive/ardg_project/FINAL/single_at_ddn_l2/single_at_ddn_l2_seed1337_best.pt
tpgd,5,dog,499,1000,0.499,49.9,tpgd x dog,DDN-AT,singleDDN,1337,/content/drive/MyDrive/ardg_project/FINAL/single_at_ddn_l2/single_at_ddn_l2_seed1337_best.pt
tpgd,6,frog,632,1000,0.632,63.2,tpgd x frog,DDN-AT,singleDDN,1337,/content/drive/MyDrive/ardg_project/FINAL/single_at_ddn_l2/single_at_ddn_l2_seed1337_best.pt
tpgd,7,horse,672,1000,0.672,67.2,tpgd x horse,DDN-AT,singleDDN,1337,/content/drive/MyDrive/ardg_project/FINAL/single_at_ddn_l2/single_at_ddn_l2_seed1337_best.pt
tpgd,8,ship,694,1000,0.694,69.39999999999999,tpgd x ship,DDN-AT,singleDDN,1337,/content/drive/MyDrive/ardg_project/FINAL/single_at_ddn_l2/single_at_ddn_l2_seed1337_best.pt
tpgd,9,truck,650,1000,0.65,65.0,tpgd x truck,DDN-AT,singleDDN,1337,/content/drive/MyDrive/ardg_project/FINAL/single_at_ddn_l2/single_at_ddn_l2_seed1337_best.pt
mifgsm,0,airplane,377,1000,0.377,37.7,mifgsm x airplane,DDN-AT,singleDDN,1337,/content/drive/MyDrive/ardg_project/FINAL/single_at_ddn_l2/single_at_ddn_l2_seed1337_best.pt
mifgsm,1,automobile,540,1000,0.54,54.0,mifgsm x automobile,DDN-AT,singleDDN,1337,/content/drive/MyDrive/ardg_project/FINAL/single_at_ddn_l2/single_at_ddn_l2_seed1337_best.pt
mifgsm,2,bird,195,1000,0.195,19.5,mifgsm x bird,DDN-AT,singleDDN,1337,/content/drive/MyDrive/ardg_project/FINAL/single_at_ddn_l2/single_at_ddn_l2_seed1337_best.pt
mifgsm,3,cat,83,1000,0.083,8.3,mifgsm x cat,DDN-AT,singleDDN,1337,/content/drive/MyDrive/ardg_project/FINAL/single_at_ddn_l2/single_at_ddn_l2_seed1337_best.pt
mifgsm,4,deer,144,1000,0.144,14.399999999999999,mifgsm x deer,DDN-AT,singleDDN,1337,/content/drive/MyDrive/ardg_project/FINAL/single_at_ddn_l2/single_at_ddn_l2_seed1337_best.pt
mifgsm,5,dog,210,1000,0.21,21.0,mifgsm x dog,DDN-AT,singleDDN,1337,/content/drive/MyDrive/ardg_project/FINAL/single_at_ddn_l2/single_at_ddn_l2_seed1337_best.pt
mifgsm,6,frog,273,1000,0.273,27.3,mifgsm x frog,DDN-AT,singleDDN,1337,/content/drive/MyDrive/ardg_project/FINAL/single_at_ddn_l2/single_at_ddn_l2_seed1337_best.pt
mifgsm,7,horse,397,1000,0.397,39.7,mifgsm x horse,DDN-AT,singleDDN,1337,/content/drive/MyDrive/ardg_project/FINAL/single_at_ddn_l2/single_at_ddn_l2_seed1337_best.pt
mifgsm,8,ship,441,1000,0.441,44.1,mifgsm x ship,DDN-AT,singleDDN,1337,/content/drive/MyDrive/ardg_project/FINAL/single_at_ddn_l2/single_at_ddn_l2_seed1337_best.pt
mifgsm,9,truck,433,1000,0.433,43.3,mifgsm x truck,DDN-AT,singleDDN,1337,/content/drive/MyDrive/ardg_project/FINAL/single_at_ddn_l2/single_at_ddn_l2_seed1337_best.pt
pgd_l2,0,airplane,728,1000,0.728,72.8,pgd_l2 x airplane,DDN-AT,singleDDN,1337,/content/drive/MyDrive/ardg_project/FINAL/single_at_ddn_l2/single_at_ddn_l2_seed1337_best.pt
pgd_l2,1,automobile,859,1000,0.859,85.9,pgd_l2 x automobile,DDN-AT,singleDDN,1337,/content/drive/MyDrive/ardg_project/FINAL/single_at_ddn_l2/single_at_ddn_l2_seed1337_best.pt
pgd_l2,2,bird,556,1000,0.556,55.60000000000001,pgd_l2 x bird,DDN-AT,singleDDN,1337,/content/drive/MyDrive/ardg_project/FINAL/single_at_ddn_l2/single_at_ddn_l2_seed1337_best.pt
pgd_l2,3,cat,405,1000,0.405,40.5,pgd_l2 x cat,DDN-AT,singleDDN,1337,/content/drive/MyDrive/ardg_project/FINAL/single_at_ddn_l2/single_at_ddn_l2_seed1337_best.pt
pgd_l2,4,deer,620,1000,0.62,62.0,pgd_l2 x deer,DDN-AT,singleDDN,1337,/content/drive/MyDrive/ardg_project/FINAL/single_at_ddn_l2/single_at_ddn_l2_seed1337_best.pt
pgd_l2,5,dog,558,1000,0.558,55.800000000000004,pgd_l2 x dog,DDN-AT,singleDDN,1337,/content/drive/MyDrive/ardg_project/FINAL/single_at_ddn_l2/single_at_ddn_l2_seed1337_best.pt
pgd_l2,6,frog,779,1000,0.779,77.9,pgd_l2 x frog,DDN-AT,singleDDN,1337,/content/drive/MyDrive/ardg_project/FINAL/single_at_ddn_l2/single_at_ddn_l2_seed1337_best.pt
pgd_l2,7,horse,778,1000,0.778,77.8,pgd_l2 x horse,DDN-AT,singleDDN,1337,/content/drive/MyDrive/ardg_project/FINAL/single_at_ddn_l2/single_at_ddn_l2_seed1337_best.pt
pgd_l2,8,ship,845,1000,0.845,84.5,pgd_l2 x ship,DDN-AT,singleDDN,1337,/content/drive/MyDrive/ardg_project/FINAL/single_at_ddn_l2/single_at_ddn_l2_seed1337_best.pt
pgd_l2,9,truck,803,1000,0.803,80.30000000000001,pgd_l2 x truck,DDN-AT,singleDDN,1337,/content/drive/MyDrive/ardg_project/FINAL/single_at_ddn_l2/single_at_ddn_l2_seed1337_best.pt
ddn_l2,0,airplane,704,1000,0.704,70.39999999999999,ddn_l2 x airplane,DDN-AT,singleDDN,1337,/content/drive/MyDrive/ardg_project/FINAL/single_at_ddn_l2/single_at_ddn_l2_seed1337_best.pt
ddn_l2,1,automobile,844,1000,0.844,84.39999999999999,ddn_l2 x automobile,DDN-AT,singleDDN,1337,/content/drive/MyDrive/ardg_project/FINAL/single_at_ddn_l2/single_at_ddn_l2_seed1337_best.pt
ddn_l2,2,bird,523,1000,0.523,52.300000000000004,ddn_l2 x bird,DDN-AT,singleDDN,1337,/content/drive/MyDrive/ardg_project/FINAL/single_at_ddn_l2/single_at_ddn_l2_seed1337_best.pt
ddn_l2,3,cat,358,1000,0.358,35.8,ddn_l2 x cat,DDN-AT,singleDDN,1337,/content/drive/MyDrive/ardg_project/FINAL/single_at_ddn_l2/single_at_ddn_l2_seed1337_best.pt
ddn_l2,4,deer,563,1000,0.563,56.3,ddn_l2 x deer,DDN-AT,singleDDN,1337,/content/drive/MyDrive/ardg_project/FINAL/single_at_ddn_l2/single_at_ddn_l2_seed1337_best.pt
ddn_l2,5,dog,526,1000,0.526,52.6,ddn_l2 x dog,DDN-AT,singleDDN,1337,/content/drive/MyDrive/ardg_project/FINAL/single_at_ddn_l2/single_at_ddn_l2_seed1337_best.pt
ddn_l2,6,frog,746,1000,0.746,74.6,ddn_l2 x frog,DDN-AT,singleDDN,1337,/content/drive/MyDrive/ardg_project/FINAL/single_at_ddn_l2/single_at_ddn_l2_seed1337_best.pt
ddn_l2,7,horse,758,1000,0.758,75.8,ddn_l2 x horse,DDN-AT,singleDDN,1337,/content/drive/MyDrive/ardg_project/FINAL/single_at_ddn_l2/single_at_ddn_l2_seed1337_best.pt
ddn_l2,8,ship,824,1000,0.824,82.39999999999999,ddn_l2 x ship,DDN-AT,singleDDN,1337,/content/drive/MyDrive/ardg_project/FINAL/single_at_ddn_l2/single_at_ddn_l2_seed1337_best.pt
ddn_l2,9,truck,781,1000,0.781,78.10000000000001,ddn_l2 x truck,DDN-AT,singleDDN,1337,/content/drive/MyDrive/ardg_project/FINAL/single_at_ddn_l2/single_at_ddn_l2_seed1337_best.pt
deepfool_l2,0,airplane,727,1000,0.727,72.7,deepfool_l2 x airplane,DDN-AT,singleDDN,1337,/content/drive/MyDrive/ardg_project/FINAL/single_at_ddn_l2/single_at_ddn_l2_seed1337_best.pt
deepfool_l2,1,automobile,854,1000,0.854,85.39999999999999,deepfool_l2 x automobile,DDN-AT,singleDDN,1337,/content/drive/MyDrive/ardg_project/FINAL/single_at_ddn_l2/single_at_ddn_l2_seed1337_best.pt
deepfool_l2,2,bird,547,1000,0.547,54.7,deepfool_l2 x bird,DDN-AT,singleDDN,1337,/content/drive/MyDrive/ardg_project/FINAL/single_at_ddn_l2/single_at_ddn_l2_seed1337_best.pt
deepfool_l2,3,cat,404,1000,0.404,40.400000000000006,deepfool_l2 x cat,DDN-AT,singleDDN,1337,/content/drive/MyDrive/ardg_project/FINAL/single_at_ddn_l2/single_at_ddn_l2_seed1337_best.pt
deepfool_l2,4,deer,593,1000,0.593,59.3,deepfool_l2 x deer,DDN-AT,singleDDN,1337,/content/drive/MyDrive/ardg_project/FINAL/single_at_ddn_l2/single_at_ddn_l2_seed1337_best.pt
deepfool_l2,5,dog,553,1000,0.553,55.300000000000004,deepfool_l2 x dog,DDN-AT,singleDDN,1337,/content/drive/MyDrive/ardg_project/FINAL/single_at_ddn_l2/single_at_ddn_l2_seed1337_best.pt
deepfool_l2,6,frog,749,1000,0.749,74.9,deepfool_l2 x frog,DDN-AT,singleDDN,1337,/content/drive/MyDrive/ardg_project/FINAL/single_at_ddn_l2/single_at_ddn_l2_seed1337_best.pt
deepfool_l2,7,horse,774,1000,0.774,77.4,deepfool_l2 x horse,DDN-AT,singleDDN,1337,/content/drive/MyDrive/ardg_project/FINAL/single_at_ddn_l2/single_at_ddn_l2_seed1337_best.pt
deepfool_l2,8,ship,843,1000,0.843,84.3,deepfool_l2 x ship,DDN-AT,singleDDN,1337,/content/drive/MyDrive/ardg_project/FINAL/single_at_ddn_l2/single_at_ddn_l2_seed1337_best.pt
deepfool_l2,9,truck,792,1000,0.792,79.2,deepfool_l2 x truck,DDN-AT,singleDDN,1337,/content/drive/MyDrive/ardg_project/FINAL/single_at_ddn_l2/single_at_ddn_l2_seed1337_best.pt
cw_l2,0,airplane,741,1000,0.741,74.1,cw_l2 x airplane,DDN-AT,singleDDN,1337,/content/drive/MyDrive/ardg_project/FINAL/single_at_ddn_l2/single_at_ddn_l2_seed1337_best.pt
cw_l2,1,automobile,872,1000,0.872,87.2,cw_l2 x automobile,DDN-AT,singleDDN,1337,/content/drive/MyDrive/ardg_project/FINAL/single_at_ddn_l2/single_at_ddn_l2_seed1337_best.pt
cw_l2,2,bird,565,1000,0.565,56.49999999999999,cw_l2 x bird,DDN-AT,singleDDN,1337,/content/drive/MyDrive/ardg_project/FINAL/single_at_ddn_l2/single_at_ddn_l2_seed1337_best.pt
cw_l2,3,cat,396,1000,0.396,39.6,cw_l2 x cat,DDN-AT,singleDDN,1337,/content/drive/MyDrive/ardg_project/FINAL/single_at_ddn_l2/single_at_ddn_l2_seed1337_best.pt
cw_l2,4,deer,625,1000,0.625,62.5,cw_l2 x deer,DDN-AT,singleDDN,1337,/content/drive/MyDrive/ardg_project/FINAL/single_at_ddn_l2/single_at_ddn_l2_seed1337_best.pt
cw_l2,5,dog,560,1000,0.56,56.00000000000001,cw_l2 x dog,DDN-AT,singleDDN,1337,/content/drive/MyDrive/ardg_project/FINAL/single_at_ddn_l2/single_at_ddn_l2_seed1337_best.pt
cw_l2,6,frog,780,1000,0.78,78.0,cw_l2 x frog,DDN-AT,singleDDN,1337,/content/drive/MyDrive/ardg_project/FINAL/single_at_ddn_l2/single_at_ddn_l2_seed1337_best.pt
cw_l2,7,horse,789,1000,0.789,78.9,cw_l2 x horse,DDN-AT,singleDDN,1337,/content/drive/MyDrive/ardg_project/FINAL/single_at_ddn_l2/single_at_ddn_l2_seed1337_best.pt
cw_l2,8,ship,859,1000,0.859,85.9,cw_l2 x ship,DDN-AT,singleDDN,1337,/content/drive/MyDrive/ardg_project/FINAL/single_at_ddn_l2/single_at_ddn_l2_seed1337_best.pt
cw_l2,9,truck,803,1000,0.803,80.30000000000001,cw_l2 x truck,DDN-AT,singleDDN,1337,/content/drive/MyDrive/ardg_project/FINAL/single_at_ddn_l2/single_at_ddn_l2_seed1337_best.pt
fgsm_rs,0,airplane,717,1000,0.717,71.7,fgsm_rs x airplane,DDN-AT,singleDDN,7777,/content/drive/MyDrive/ardg_project/FINAL/single_at_ddn_l2/single_at_ddn_l2_seed7777_best.pt
fgsm_rs,1,automobile,814,1000,0.814,81.39999999999999,fgsm_rs x automobile,DDN-AT,singleDDN,7777,/content/drive/MyDrive/ardg_project/FINAL/single_at_ddn_l2/single_at_ddn_l2_seed7777_best.pt
fgsm_rs,2,bird,494,1000,0.494,49.4,fgsm_rs x bird,DDN-AT,singleDDN,7777,/content/drive/MyDrive/ardg_project/FINAL/single_at_ddn_l2/single_at_ddn_l2_seed7777_best.pt
fgsm_rs,3,cat,354,1000,0.354,35.4,fgsm_rs x cat,DDN-AT,singleDDN,7777,/content/drive/MyDrive/ardg_project/FINAL/single_at_ddn_l2/single_at_ddn_l2_seed7777_best.pt
fgsm_rs,4,deer,549,1000,0.549,54.900000000000006,fgsm_rs x deer,DDN-AT,singleDDN,7777,/content/drive/MyDrive/ardg_project/FINAL/single_at_ddn_l2/single_at_ddn_l2_seed7777_best.pt
fgsm_rs,5,dog,524,1000,0.524,52.400000000000006,fgsm_rs x dog,DDN-AT,singleDDN,7777,/content/drive/MyDrive/ardg_project/FINAL/single_at_ddn_l2/single_at_ddn_l2_seed7777_best.pt
fgsm_rs,6,frog,728,1000,0.728,72.8,fgsm_rs x frog,DDN-AT,singleDDN,7777,/content/drive/MyDrive/ardg_project/FINAL/single_at_ddn_l2/single_at_ddn_l2_seed7777_best.pt
fgsm_rs,7,horse,734,1000,0.734,73.4,fgsm_rs x horse,DDN-AT,singleDDN,7777,/content/drive/MyDrive/ardg_project/FINAL/single_at_ddn_l2/single_at_ddn_l2_seed7777_best.pt
fgsm_rs,8,ship,786,1000,0.786,78.60000000000001,fgsm_rs x ship,DDN-AT,singleDDN,7777,/content/drive/MyDrive/ardg_project/FINAL/single_at_ddn_l2/single_at_ddn_l2_seed7777_best.pt
fgsm_rs,9,truck,767,1000,0.767,76.7,fgsm_rs x truck,DDN-AT,singleDDN,7777,/content/drive/MyDrive/ardg_project/FINAL/single_at_ddn_l2/single_at_ddn_l2_seed7777_best.pt
pgd20_ce,0,airplane,351,1000,0.351,35.099999999999994,pgd20_ce x airplane,DDN-AT,singleDDN,7777,/content/drive/MyDrive/ardg_project/FINAL/single_at_ddn_l2/single_at_ddn_l2_seed7777_best.pt
pgd20_ce,1,automobile,487,1000,0.487,48.699999999999996,pgd20_ce x automobile,DDN-AT,singleDDN,7777,/content/drive/MyDrive/ardg_project/FINAL/single_at_ddn_l2/single_at_ddn_l2_seed7777_best.pt
pgd20_ce,2,bird,152,1000,0.152,15.2,pgd20_ce x bird,DDN-AT,singleDDN,7777,/content/drive/MyDrive/ardg_project/FINAL/single_at_ddn_l2/single_at_ddn_l2_seed7777_best.pt
pgd20_ce,3,cat,60,1000,0.06,6.0,pgd20_ce x cat,DDN-AT,singleDDN,7777,/content/drive/MyDrive/ardg_project/FINAL/single_at_ddn_l2/single_at_ddn_l2_seed7777_best.pt
pgd20_ce,4,deer,100,1000,0.1,10.0,pgd20_ce x deer,DDN-AT,singleDDN,7777,/content/drive/MyDrive/ardg_project/FINAL/single_at_ddn_l2/single_at_ddn_l2_seed7777_best.pt
pgd20_ce,5,dog,171,1000,0.171,17.1,pgd20_ce x dog,DDN-AT,singleDDN,7777,/content/drive/MyDrive/ardg_project/FINAL/single_at_ddn_l2/single_at_ddn_l2_seed7777_best.pt
pgd20_ce,6,frog,200,1000,0.2,20.0,pgd20_ce x frog,DDN-AT,singleDDN,7777,/content/drive/MyDrive/ardg_project/FINAL/single_at_ddn_l2/single_at_ddn_l2_seed7777_best.pt
pgd20_ce,7,horse,340,1000,0.34,34.0,pgd20_ce x horse,DDN-AT,singleDDN,7777,/content/drive/MyDrive/ardg_project/FINAL/single_at_ddn_l2/single_at_ddn_l2_seed7777_best.pt
pgd20_ce,8,ship,322,1000,0.322,32.2,pgd20_ce x ship,DDN-AT,singleDDN,7777,/content/drive/MyDrive/ardg_project/FINAL/single_at_ddn_l2/single_at_ddn_l2_seed7777_best.pt
pgd20_ce,9,truck,377,1000,0.377,37.7,pgd20_ce x truck,DDN-AT,singleDDN,7777,/content/drive/MyDrive/ardg_project/FINAL/single_at_ddn_l2/single_at_ddn_l2_seed7777_best.pt
tpgd,0,airplane,660,1000,0.66,66.0,tpgd x airplane,DDN-AT,singleDDN,7777,/content/drive/MyDrive/ardg_project/FINAL/single_at_ddn_l2/single_at_ddn_l2_seed7777_best.pt
tpgd,1,automobile,743,1000,0.743,74.3,tpgd x automobile,DDN-AT,singleDDN,7777,/content/drive/MyDrive/ardg_project/FINAL/single_at_ddn_l2/single_at_ddn_l2_seed7777_best.pt
tpgd,2,bird,529,1000,0.529,52.900000000000006,tpgd x bird,DDN-AT,singleDDN,7777,/content/drive/MyDrive/ardg_project/FINAL/single_at_ddn_l2/single_at_ddn_l2_seed7777_best.pt
tpgd,3,cat,344,1000,0.344,34.4,tpgd x cat,DDN-AT,singleDDN,7777,/content/drive/MyDrive/ardg_project/FINAL/single_at_ddn_l2/single_at_ddn_l2_seed7777_best.pt
tpgd,4,deer,530,1000,0.53,53.0,tpgd x deer,DDN-AT,singleDDN,7777,/content/drive/MyDrive/ardg_project/FINAL/single_at_ddn_l2/single_at_ddn_l2_seed7777_best.pt
tpgd,5,dog,517,1000,0.517,51.7,tpgd x dog,DDN-AT,singleDDN,7777,/content/drive/MyDrive/ardg_project/FINAL/single_at_ddn_l2/single_at_ddn_l2_seed7777_best.pt
tpgd,6,frog,609,1000,0.609,60.9,tpgd x frog,DDN-AT,singleDDN,7777,/content/drive/MyDrive/ardg_project/FINAL/single_at_ddn_l2/single_at_ddn_l2_seed7777_best.pt
tpgd,7,horse,679,1000,0.679,67.9,tpgd x horse,DDN-AT,singleDDN,7777,/content/drive/MyDrive/ardg_project/FINAL/single_at_ddn_l2/single_at_ddn_l2_seed7777_best.pt
tpgd,8,ship,662,1000,0.662,66.2,tpgd x ship,DDN-AT,singleDDN,7777,/content/drive/MyDrive/ardg_project/FINAL/single_at_ddn_l2/single_at_ddn_l2_seed7777_best.pt
tpgd,9,truck,672,1000,0.672,67.2,tpgd x truck,DDN-AT,singleDDN,7777,/content/drive/MyDrive/ardg_project/FINAL/single_at_ddn_l2/single_at_ddn_l2_seed7777_best.pt
mifgsm,0,airplane,409,1000,0.409,40.9,mifgsm x airplane,DDN-AT,singleDDN,7777,/content/drive/MyDrive/ardg_project/FINAL/single_at_ddn_l2/single_at_ddn_l2_seed7777_best.pt
mifgsm,1,automobile,531,1000,0.531,53.1,mifgsm x automobile,DDN-AT,singleDDN,7777,/content/drive/MyDrive/ardg_project/FINAL/single_at_ddn_l2/single_at_ddn_l2_seed7777_best.pt
mifgsm,2,bird,197,1000,0.197,19.7,mifgsm x bird,DDN-AT,singleDDN,7777,/content/drive/MyDrive/ardg_project/FINAL/single_at_ddn_l2/single_at_ddn_l2_seed7777_best.pt
mifgsm,3,cat,81,1000,0.081,8.1,mifgsm x cat,DDN-AT,singleDDN,7777,/content/drive/MyDrive/ardg_project/FINAL/single_at_ddn_l2/single_at_ddn_l2_seed7777_best.pt
mifgsm,4,deer,135,1000,0.135,13.5,mifgsm x deer,DDN-AT,singleDDN,7777,/content/drive/MyDrive/ardg_project/FINAL/single_at_ddn_l2/single_at_ddn_l2_seed7777_best.pt
mifgsm,5,dog,200,1000,0.2,20.0,mifgsm x dog,DDN-AT,singleDDN,7777,/content/drive/MyDrive/ardg_project/FINAL/single_at_ddn_l2/single_at_ddn_l2_seed7777_best.pt
mifgsm,6,frog,262,1000,0.262,26.200000000000003,mifgsm x frog,DDN-AT,singleDDN,7777,/content/drive/MyDrive/ardg_project/FINAL/single_at_ddn_l2/single_at_ddn_l2_seed7777_best.pt
mifgsm,7,horse,393,1000,0.393,39.300000000000004,mifgsm x horse,DDN-AT,singleDDN,7777,/content/drive/MyDrive/ardg_project/FINAL/single_at_ddn_l2/single_at_ddn_l2_seed7777_best.pt
mifgsm,8,ship,389,1000,0.389,38.9,mifgsm x ship,DDN-AT,singleDDN,7777,/content/drive/MyDrive/ardg_project/FINAL/single_at_ddn_l2/single_at_ddn_l2_seed7777_best.pt
mifgsm,9,truck,434,1000,0.434,43.4,mifgsm x truck,DDN-AT,singleDDN,7777,/content/drive/MyDrive/ardg_project/FINAL/single_at_ddn_l2/single_at_ddn_l2_seed7777_best.pt
pgd_l2,0,airplane,756,1000,0.756,75.6,pgd_l2 x airplane,DDN-AT,singleDDN,7777,/content/drive/MyDrive/ardg_project/FINAL/single_at_ddn_l2/single_at_ddn_l2_seed7777_best.pt
pgd_l2,1,automobile,844,1000,0.844,84.39999999999999,pgd_l2 x automobile,DDN-AT,singleDDN,7777,/content/drive/MyDrive/ardg_project/FINAL/single_at_ddn_l2/single_at_ddn_l2_seed7777_best.pt
pgd_l2,2,bird,547,1000,0.547,54.7,pgd_l2 x bird,DDN-AT,singleDDN,7777,/content/drive/MyDrive/ardg_project/FINAL/single_at_ddn_l2/single_at_ddn_l2_seed7777_best.pt
pgd_l2,3,cat,413,1000,0.413,41.3,pgd_l2 x cat,DDN-AT,singleDDN,7777,/content/drive/MyDrive/ardg_project/FINAL/single_at_ddn_l2/single_at_ddn_l2_seed7777_best.pt
pgd_l2,4,deer,616,1000,0.616,61.6,pgd_l2 x deer,DDN-AT,singleDDN,7777,/content/drive/MyDrive/ardg_project/FINAL/single_at_ddn_l2/single_at_ddn_l2_seed7777_best.pt
pgd_l2,5,dog,578,1000,0.578,57.8,pgd_l2 x dog,DDN-AT,singleDDN,7777,/content/drive/MyDrive/ardg_project/FINAL/single_at_ddn_l2/single_at_ddn_l2_seed7777_best.pt
pgd_l2,6,frog,783,1000,0.783,78.3,pgd_l2 x frog,DDN-AT,singleDDN,7777,/content/drive/MyDrive/ardg_project/FINAL/single_at_ddn_l2/single_at_ddn_l2_seed7777_best.pt
pgd_l2,7,horse,771,1000,0.771,77.10000000000001,pgd_l2 x horse,DDN-AT,singleDDN,7777,/content/drive/MyDrive/ardg_project/FINAL/single_at_ddn_l2/single_at_ddn_l2_seed7777_best.pt
pgd_l2,8,ship,833,1000,0.833,83.3,pgd_l2 x ship,DDN-AT,singleDDN,7777,/content/drive/MyDrive/ardg_project/FINAL/single_at_ddn_l2/single_at_ddn_l2_seed7777_best.pt
pgd_l2,9,truck,811,1000,0.811,81.10000000000001,pgd_l2 x truck,DDN-AT,singleDDN,7777,/content/drive/MyDrive/ardg_project/FINAL/single_at_ddn_l2/single_at_ddn_l2_seed7777_best.pt
ddn_l2,0,airplane,717,1000,0.717,71.7,ddn_l2 x airplane,DDN-AT,singleDDN,7777,/content/drive/MyDrive/ardg_project/FINAL/single_at_ddn_l2/single_at_ddn_l2_seed7777_best.pt
ddn_l2,1,automobile,830,1000,0.83,83.0,ddn_l2 x automobile,DDN-AT,singleDDN,7777,/content/drive/MyDrive/ardg_project/FINAL/single_at_ddn_l2/single_at_ddn_l2_seed7777_best.pt
ddn_l2,2,bird,513,1000,0.513,51.300000000000004,ddn_l2 x bird,DDN-AT,singleDDN,7777,/content/drive/MyDrive/ardg_project/FINAL/single_at_ddn_l2/single_at_ddn_l2_seed7777_best.pt
ddn_l2,3,cat,360,1000,0.36,36.0,ddn_l2 x cat,DDN-AT,singleDDN,7777,/content/drive/MyDrive/ardg_project/FINAL/single_at_ddn_l2/single_at_ddn_l2_seed7777_best.pt
ddn_l2,4,deer,543,1000,0.543,54.300000000000004,ddn_l2 x deer,DDN-AT,singleDDN,7777,/content/drive/MyDrive/ardg_project/FINAL/single_at_ddn_l2/single_at_ddn_l2_seed7777_best.pt
ddn_l2,5,dog,541,1000,0.541,54.1,ddn_l2 x dog,DDN-AT,singleDDN,7777,/content/drive/MyDrive/ardg_project/FINAL/single_at_ddn_l2/single_at_ddn_l2_seed7777_best.pt
ddn_l2,6,frog,736,1000,0.736,73.6,ddn_l2 x frog,DDN-AT,singleDDN,7777,/content/drive/MyDrive/ardg_project/FINAL/single_at_ddn_l2/single_at_ddn_l2_seed7777_best.pt
ddn_l2,7,horse,748,1000,0.748,74.8,ddn_l2 x horse,DDN-AT,singleDDN,7777,/content/drive/MyDrive/ardg_project/FINAL/single_at_ddn_l2/single_at_ddn_l2_seed7777_best.pt
ddn_l2,8,ship,802,1000,0.802,80.2,ddn_l2 x ship,DDN-AT,singleDDN,7777,/content/drive/MyDrive/ardg_project/FINAL/single_at_ddn_l2/single_at_ddn_l2_seed7777_best.pt
ddn_l2,9,truck,788,1000,0.788,78.8,ddn_l2 x truck,DDN-AT,singleDDN,7777,/content/drive/MyDrive/ardg_project/FINAL/single_at_ddn_l2/single_at_ddn_l2_seed7777_best.pt
deepfool_l2,0,airplane,737,1000,0.737,73.7,deepfool_l2 x airplane,DDN-AT,singleDDN,7777,/content/drive/MyDrive/ardg_project/FINAL/single_at_ddn_l2/single_at_ddn_l2_seed7777_best.pt
deepfool_l2,1,automobile,837,1000,0.837,83.7,deepfool_l2 x automobile,DDN-AT,singleDDN,7777,/content/drive/MyDrive/ardg_project/FINAL/single_at_ddn_l2/single_at_ddn_l2_seed7777_best.pt
deepfool_l2,2,bird,549,1000,0.549,54.900000000000006,deepfool_l2 x bird,DDN-AT,singleDDN,7777,/content/drive/MyDrive/ardg_project/FINAL/single_at_ddn_l2/single_at_ddn_l2_seed7777_best.pt
deepfool_l2,3,cat,401,1000,0.401,40.1,deepfool_l2 x cat,DDN-AT,singleDDN,7777,/content/drive/MyDrive/ardg_project/FINAL/single_at_ddn_l2/single_at_ddn_l2_seed7777_best.pt
deepfool_l2,4,deer,582,1000,0.582,58.199999999999996,deepfool_l2 x deer,DDN-AT,singleDDN,7777,/content/drive/MyDrive/ardg_project/FINAL/single_at_ddn_l2/single_at_ddn_l2_seed7777_best.pt
deepfool_l2,5,dog,580,1000,0.58,57.99999999999999,deepfool_l2 x dog,DDN-AT,singleDDN,7777,/content/drive/MyDrive/ardg_project/FINAL/single_at_ddn_l2/single_at_ddn_l2_seed7777_best.pt
deepfool_l2,6,frog,755,1000,0.755,75.5,deepfool_l2 x frog,DDN-AT,singleDDN,7777,/content/drive/MyDrive/ardg_project/FINAL/single_at_ddn_l2/single_at_ddn_l2_seed7777_best.pt
deepfool_l2,7,horse,764,1000,0.764,76.4,deepfool_l2 x horse,DDN-AT,singleDDN,7777,/content/drive/MyDrive/ardg_project/FINAL/single_at_ddn_l2/single_at_ddn_l2_seed7777_best.pt
deepfool_l2,8,ship,819,1000,0.819,81.89999999999999,deepfool_l2 x ship,DDN-AT,singleDDN,7777,/content/drive/MyDrive/ardg_project/FINAL/single_at_ddn_l2/single_at_ddn_l2_seed7777_best.pt
deepfool_l2,9,truck,802,1000,0.802,80.2,deepfool_l2 x truck,DDN-AT,singleDDN,7777,/content/drive/MyDrive/ardg_project/FINAL/single_at_ddn_l2/single_at_ddn_l2_seed7777_best.pt
cw_l2,0,airplane,761,1000,0.761,76.1,cw_l2 x airplane,DDN-AT,singleDDN,7777,/content/drive/MyDrive/ardg_project/FINAL/single_at_ddn_l2/single_at_ddn_l2_seed7777_best.pt
cw_l2,1,automobile,855,1000,0.855,85.5,cw_l2 x automobile,DDN-AT,singleDDN,7777,/content/drive/MyDrive/ardg_project/FINAL/single_at_ddn_l2/single_at_ddn_l2_seed7777_best.pt
cw_l2,2,bird,554,1000,0.554,55.400000000000006,cw_l2 x bird,DDN-AT,singleDDN,7777,/content/drive/MyDrive/ardg_project/FINAL/single_at_ddn_l2/single_at_ddn_l2_seed7777_best.pt
cw_l2,3,cat,406,1000,0.406,40.6,cw_l2 x cat,DDN-AT,singleDDN,7777,/content/drive/MyDrive/ardg_project/FINAL/single_at_ddn_l2/single_at_ddn_l2_seed7777_best.pt
cw_l2,4,deer,610,1000,0.61,61.0,cw_l2 x deer,DDN-AT,singleDDN,7777,/content/drive/MyDrive/ardg_project/FINAL/single_at_ddn_l2/single_at_ddn_l2_seed7777_best.pt
cw_l2,5,dog,580,1000,0.58,57.99999999999999,cw_l2 x dog,DDN-AT,singleDDN,7777,/content/drive/MyDrive/ardg_project/FINAL/single_at_ddn_l2/single_at_ddn_l2_seed7777_best.pt
cw_l2,6,frog,780,1000,0.78,78.0,cw_l2 x frog,DDN-AT,singleDDN,7777,/content/drive/MyDrive/ardg_project/FINAL/single_at_ddn_l2/single_at_ddn_l2_seed7777_best.pt
cw_l2,7,horse,781,1000,0.781,78.10000000000001,cw_l2 x horse,DDN-AT,singleDDN,7777,/content/drive/MyDrive/ardg_project/FINAL/single_at_ddn_l2/single_at_ddn_l2_seed7777_best.pt
cw_l2,8,ship,830,1000,0.83,83.0,cw_l2 x ship,DDN-AT,singleDDN,7777,/content/drive/MyDrive/ardg_project/FINAL/single_at_ddn_l2/single_at_ddn_l2_seed7777_best.pt
cw_l2,9,truck,820,1000,0.82,82.0,cw_l2 x truck,DDN-AT,singleDDN,7777,/content/drive/MyDrive/ardg_project/FINAL/single_at_ddn_l2/single_at_ddn_l2_seed7777_best.pt
fgsm_rs,0,airplane,742,1000,0.742,74.2,fgsm_rs x airplane,DDN-AT,singleDDN,12345,/content/drive/MyDrive/ardg_project/FINAL/single_at_ddn_l2/single_at_ddn_l2_seed12345_best.pt
fgsm_rs,1,automobile,791,1000,0.791,79.10000000000001,fgsm_rs x automobile,DDN-AT,singleDDN,12345,/content/drive/MyDrive/ardg_project/FINAL/single_at_ddn_l2/single_at_ddn_l2_seed12345_best.pt
fgsm_rs,2,bird,519,1000,0.519,51.9,fgsm_rs x bird,DDN-AT,singleDDN,12345,/content/drive/MyDrive/ardg_project/FINAL/single_at_ddn_l2/single_at_ddn_l2_seed12345_best.pt
fgsm_rs,3,cat,383,1000,0.383,38.3,fgsm_rs x cat,DDN-AT,singleDDN,12345,/content/drive/MyDrive/ardg_project/FINAL/single_at_ddn_l2/single_at_ddn_l2_seed12345_best.pt
fgsm_rs,4,deer,538,1000,0.538,53.800000000000004,fgsm_rs x deer,DDN-AT,singleDDN,12345,/content/drive/MyDrive/ardg_project/FINAL/single_at_ddn_l2/single_at_ddn_l2_seed12345_best.pt
fgsm_rs,5,dog,477,1000,0.477,47.699999999999996,fgsm_rs x dog,DDN-AT,singleDDN,12345,/content/drive/MyDrive/ardg_project/FINAL/single_at_ddn_l2/single_at_ddn_l2_seed12345_best.pt
fgsm_rs,6,frog,702,1000,0.702,70.19999999999999,fgsm_rs x frog,DDN-AT,singleDDN,12345,/content/drive/MyDrive/ardg_project/FINAL/single_at_ddn_l2/single_at_ddn_l2_seed12345_best.pt
fgsm_rs,7,horse,734,1000,0.734,73.4,fgsm_rs x horse,DDN-AT,singleDDN,12345,/content/drive/MyDrive/ardg_project/FINAL/single_at_ddn_l2/single_at_ddn_l2_seed12345_best.pt
fgsm_rs,8,ship,794,1000,0.794,79.4,fgsm_rs x ship,DDN-AT,singleDDN,12345,/content/drive/MyDrive/ardg_project/FINAL/single_at_ddn_l2/single_at_ddn_l2_seed12345_best.pt
fgsm_rs,9,truck,792,1000,0.792,79.2,fgsm_rs x truck,DDN-AT,singleDDN,12345,/content/drive/MyDrive/ardg_project/FINAL/single_at_ddn_l2/single_at_ddn_l2_seed12345_best.pt
pgd20_ce,0,airplane,371,1000,0.371,37.1,pgd20_ce x airplane,DDN-AT,singleDDN,12345,/content/drive/MyDrive/ardg_project/FINAL/single_at_ddn_l2/single_at_ddn_l2_seed12345_best.pt
pgd20_ce,1,automobile,448,1000,0.448,44.800000000000004,pgd20_ce x automobile,DDN-AT,singleDDN,12345,/content/drive/MyDrive/ardg_project/FINAL/single_at_ddn_l2/single_at_ddn_l2_seed12345_best.pt
pgd20_ce,2,bird,172,1000,0.172,17.2,pgd20_ce x bird,DDN-AT,singleDDN,12345,/content/drive/MyDrive/ardg_project/FINAL/single_at_ddn_l2/single_at_ddn_l2_seed12345_best.pt
pgd20_ce,3,cat,71,1000,0.071,7.1,pgd20_ce x cat,DDN-AT,singleDDN,12345,/content/drive/MyDrive/ardg_project/FINAL/single_at_ddn_l2/single_at_ddn_l2_seed12345_best.pt
pgd20_ce,4,deer,96,1000,0.096,9.6,pgd20_ce x deer,DDN-AT,singleDDN,12345,/content/drive/MyDrive/ardg_project/FINAL/single_at_ddn_l2/single_at_ddn_l2_seed12345_best.pt
pgd20_ce,5,dog,134,1000,0.134,13.4,pgd20_ce x dog,DDN-AT,singleDDN,12345,/content/drive/MyDrive/ardg_project/FINAL/single_at_ddn_l2/single_at_ddn_l2_seed12345_best.pt
pgd20_ce,6,frog,193,1000,0.193,19.3,pgd20_ce x frog,DDN-AT,singleDDN,12345,/content/drive/MyDrive/ardg_project/FINAL/single_at_ddn_l2/single_at_ddn_l2_seed12345_best.pt
pgd20_ce,7,horse,357,1000,0.357,35.699999999999996,pgd20_ce x horse,DDN-AT,singleDDN,12345,/content/drive/MyDrive/ardg_project/FINAL/single_at_ddn_l2/single_at_ddn_l2_seed12345_best.pt
pgd20_ce,8,ship,345,1000,0.345,34.5,pgd20_ce x ship,DDN-AT,singleDDN,12345,/content/drive/MyDrive/ardg_project/FINAL/single_at_ddn_l2/single_at_ddn_l2_seed12345_best.pt
pgd20_ce,9,truck,393,1000,0.393,39.300000000000004,pgd20_ce x truck,DDN-AT,singleDDN,12345,/content/drive/MyDrive/ardg_project/FINAL/single_at_ddn_l2/single_at_ddn_l2_seed12345_best.pt
tpgd,0,airplane,678,1000,0.678,67.80000000000001,tpgd x airplane,DDN-AT,singleDDN,12345,/content/drive/MyDrive/ardg_project/FINAL/single_at_ddn_l2/single_at_ddn_l2_seed12345_best.pt
tpgd,1,automobile,709,1000,0.709,70.89999999999999,tpgd x automobile,DDN-AT,singleDDN,12345,/content/drive/MyDrive/ardg_project/FINAL/single_at_ddn_l2/single_at_ddn_l2_seed12345_best.pt
tpgd,2,bird,526,1000,0.526,52.6,tpgd x bird,DDN-AT,singleDDN,12345,/content/drive/MyDrive/ardg_project/FINAL/single_at_ddn_l2/single_at_ddn_l2_seed12345_best.pt
tpgd,3,cat,376,1000,0.376,37.6,tpgd x cat,DDN-AT,singleDDN,12345,/content/drive/MyDrive/ardg_project/FINAL/single_at_ddn_l2/single_at_ddn_l2_seed12345_best.pt
tpgd,4,deer,483,1000,0.483,48.3,tpgd x deer,DDN-AT,singleDDN,12345,/content/drive/MyDrive/ardg_project/FINAL/single_at_ddn_l2/single_at_ddn_l2_seed12345_best.pt
tpgd,5,dog,490,1000,0.49,49.0,tpgd x dog,DDN-AT,singleDDN,12345,/content/drive/MyDrive/ardg_project/FINAL/single_at_ddn_l2/single_at_ddn_l2_seed12345_best.pt
tpgd,6,frog,602,1000,0.602,60.199999999999996,tpgd x frog,DDN-AT,singleDDN,12345,/content/drive/MyDrive/ardg_project/FINAL/single_at_ddn_l2/single_at_ddn_l2_seed12345_best.pt
tpgd,7,horse,672,1000,0.672,67.2,tpgd x horse,DDN-AT,singleDDN,12345,/content/drive/MyDrive/ardg_project/FINAL/single_at_ddn_l2/single_at_ddn_l2_seed12345_best.pt
tpgd,8,ship,672,1000,0.672,67.2,tpgd x ship,DDN-AT,singleDDN,12345,/content/drive/MyDrive/ardg_project/FINAL/single_at_ddn_l2/single_at_ddn_l2_seed12345_best.pt
tpgd,9,truck,684,1000,0.684,68.4,tpgd x truck,DDN-AT,singleDDN,12345,/content/drive/MyDrive/ardg_project/FINAL/single_at_ddn_l2/single_at_ddn_l2_seed12345_best.pt
mifgsm,0,airplane,418,1000,0.418,41.8,mifgsm x airplane,DDN-AT,singleDDN,12345,/content/drive/MyDrive/ardg_project/FINAL/single_at_ddn_l2/single_at_ddn_l2_seed12345_best.pt
mifgsm,1,automobile,500,1000,0.5,50.0,mifgsm x automobile,DDN-AT,singleDDN,12345,/content/drive/MyDrive/ardg_project/FINAL/single_at_ddn_l2/single_at_ddn_l2_seed12345_best.pt
mifgsm,2,bird,200,1000,0.2,20.0,mifgsm x bird,DDN-AT,singleDDN,12345,/content/drive/MyDrive/ardg_project/FINAL/single_at_ddn_l2/single_at_ddn_l2_seed12345_best.pt
mifgsm,3,cat,92,1000,0.092,9.2,mifgsm x cat,DDN-AT,singleDDN,12345,/content/drive/MyDrive/ardg_project/FINAL/single_at_ddn_l2/single_at_ddn_l2_seed12345_best.pt
mifgsm,4,deer,132,1000,0.132,13.200000000000001,mifgsm x deer,DDN-AT,singleDDN,12345,/content/drive/MyDrive/ardg_project/FINAL/single_at_ddn_l2/single_at_ddn_l2_seed12345_best.pt
mifgsm,5,dog,183,1000,0.183,18.3,mifgsm x dog,DDN-AT,singleDDN,12345,/content/drive/MyDrive/ardg_project/FINAL/single_at_ddn_l2/single_at_ddn_l2_seed12345_best.pt
mifgsm,6,frog,245,1000,0.245,24.5,mifgsm x frog,DDN-AT,singleDDN,12345,/content/drive/MyDrive/ardg_project/FINAL/single_at_ddn_l2/single_at_ddn_l2_seed12345_best.pt
mifgsm,7,horse,412,1000,0.412,41.199999999999996,mifgsm x horse,DDN-AT,singleDDN,12345,/content/drive/MyDrive/ardg_project/FINAL/single_at_ddn_l2/single_at_ddn_l2_seed12345_best.pt
mifgsm,8,ship,403,1000,0.403,40.300000000000004,mifgsm x ship,DDN-AT,singleDDN,12345,/content/drive/MyDrive/ardg_project/FINAL/single_at_ddn_l2/single_at_ddn_l2_seed12345_best.pt
mifgsm,9,truck,449,1000,0.449,44.9,mifgsm x truck,DDN-AT,singleDDN,12345,/content/drive/MyDrive/ardg_project/FINAL/single_at_ddn_l2/single_at_ddn_l2_seed12345_best.pt
pgd_l2,0,airplane,772,1000,0.772,77.2,pgd_l2 x airplane,DDN-AT,singleDDN,12345,/content/drive/MyDrive/ardg_project/FINAL/single_at_ddn_l2/single_at_ddn_l2_seed12345_best.pt
pgd_l2,1,automobile,824,1000,0.824,82.39999999999999,pgd_l2 x automobile,DDN-AT,singleDDN,12345,/content/drive/MyDrive/ardg_project/FINAL/single_at_ddn_l2/single_at_ddn_l2_seed12345_best.pt
pgd_l2,2,bird,581,1000,0.581,58.099999999999994,pgd_l2 x bird,DDN-AT,singleDDN,12345,/content/drive/MyDrive/ardg_project/FINAL/single_at_ddn_l2/single_at_ddn_l2_seed12345_best.pt
pgd_l2,3,cat,464,1000,0.464,46.400000000000006,pgd_l2 x cat,DDN-AT,singleDDN,12345,/content/drive/MyDrive/ardg_project/FINAL/single_at_ddn_l2/single_at_ddn_l2_seed12345_best.pt
pgd_l2,4,deer,601,1000,0.601,60.099999999999994,pgd_l2 x deer,DDN-AT,singleDDN,12345,/content/drive/MyDrive/ardg_project/FINAL/single_at_ddn_l2/single_at_ddn_l2_seed12345_best.pt
pgd_l2,5,dog,527,1000,0.527,52.7,pgd_l2 x dog,DDN-AT,singleDDN,12345,/content/drive/MyDrive/ardg_project/FINAL/single_at_ddn_l2/single_at_ddn_l2_seed12345_best.pt
pgd_l2,6,frog,738,1000,0.738,73.8,pgd_l2 x frog,DDN-AT,singleDDN,12345,/content/drive/MyDrive/ardg_project/FINAL/single_at_ddn_l2/single_at_ddn_l2_seed12345_best.pt
pgd_l2,7,horse,784,1000,0.784,78.4,pgd_l2 x horse,DDN-AT,singleDDN,12345,/content/drive/MyDrive/ardg_project/FINAL/single_at_ddn_l2/single_at_ddn_l2_seed12345_best.pt
pgd_l2,8,ship,822,1000,0.822,82.19999999999999,pgd_l2 x ship,DDN-AT,singleDDN,12345,/content/drive/MyDrive/ardg_project/FINAL/single_at_ddn_l2/single_at_ddn_l2_seed12345_best.pt
pgd_l2,9,truck,824,1000,0.824,82.39999999999999,pgd_l2 x truck,DDN-AT,singleDDN,12345,/content/drive/MyDrive/ardg_project/FINAL/single_at_ddn_l2/single_at_ddn_l2_seed12345_best.pt
ddn_l2,0,airplane,745,1000,0.745,74.5,ddn_l2 x airplane,DDN-AT,singleDDN,12345,/content/drive/MyDrive/ardg_project/FINAL/single_at_ddn_l2/single_at_ddn_l2_seed12345_best.pt
ddn_l2,1,automobile,805,1000,0.805,80.5,ddn_l2 x automobile,DDN-AT,singleDDN,12345,/content/drive/MyDrive/ardg_project/FINAL/single_at_ddn_l2/single_at_ddn_l2_seed12345_best.pt
ddn_l2,2,bird,541,1000,0.541,54.1,ddn_l2 x bird,DDN-AT,singleDDN,12345,/content/drive/MyDrive/ardg_project/FINAL/single_at_ddn_l2/single_at_ddn_l2_seed12345_best.pt
ddn_l2,3,cat,404,1000,0.404,40.400000000000006,ddn_l2 x cat,DDN-AT,singleDDN,12345,/content/drive/MyDrive/ardg_project/FINAL/single_at_ddn_l2/single_at_ddn_l2_seed12345_best.pt
ddn_l2,4,deer,547,1000,0.547,54.7,ddn_l2 x deer,DDN-AT,singleDDN,12345,/content/drive/MyDrive/ardg_project/FINAL/single_at_ddn_l2/single_at_ddn_l2_seed12345_best.pt
ddn_l2,5,dog,502,1000,0.502,50.2,ddn_l2 x dog,DDN-AT,singleDDN,12345,/content/drive/MyDrive/ardg_project/FINAL/single_at_ddn_l2/single_at_ddn_l2_seed12345_best.pt
ddn_l2,6,frog,707,1000,0.707,70.7,ddn_l2 x frog,DDN-AT,singleDDN,12345,/content/drive/MyDrive/ardg_project/FINAL/single_at_ddn_l2/single_at_ddn_l2_seed12345_best.pt
ddn_l2,7,horse,763,1000,0.763,76.3,ddn_l2 x horse,DDN-AT,singleDDN,12345,/content/drive/MyDrive/ardg_project/FINAL/single_at_ddn_l2/single_at_ddn_l2_seed12345_best.pt
ddn_l2,8,ship,796,1000,0.796,79.60000000000001,ddn_l2 x ship,DDN-AT,singleDDN,12345,/content/drive/MyDrive/ardg_project/FINAL/single_at_ddn_l2/single_at_ddn_l2_seed12345_best.pt
ddn_l2,9,truck,805,1000,0.805,80.5,ddn_l2 x truck,DDN-AT,singleDDN,12345,/content/drive/MyDrive/ardg_project/FINAL/single_at_ddn_l2/single_at_ddn_l2_seed12345_best.pt
deepfool_l2,0,airplane,757,1000,0.757,75.7,deepfool_l2 x airplane,DDN-AT,singleDDN,12345,/content/drive/MyDrive/ardg_project/FINAL/single_at_ddn_l2/single_at_ddn_l2_seed12345_best.pt
deepfool_l2,1,automobile,814,1000,0.814,81.39999999999999,deepfool_l2 x automobile,DDN-AT,singleDDN,12345,/content/drive/MyDrive/ardg_project/FINAL/single_at_ddn_l2/single_at_ddn_l2_seed12345_best.pt
deepfool_l2,2,bird,568,1000,0.568,56.8,deepfool_l2 x bird,DDN-AT,singleDDN,12345,/content/drive/MyDrive/ardg_project/FINAL/single_at_ddn_l2/single_at_ddn_l2_seed12345_best.pt
deepfool_l2,3,cat,451,1000,0.451,45.1,deepfool_l2 x cat,DDN-AT,singleDDN,12345,/content/drive/MyDrive/ardg_project/FINAL/single_at_ddn_l2/single_at_ddn_l2_seed12345_best.pt
deepfool_l2,4,deer,591,1000,0.591,59.099999999999994,deepfool_l2 x deer,DDN-AT,singleDDN,12345,/content/drive/MyDrive/ardg_project/FINAL/single_at_ddn_l2/single_at_ddn_l2_seed12345_best.pt
deepfool_l2,5,dog,534,1000,0.534,53.400000000000006,deepfool_l2 x dog,DDN-AT,singleDDN,12345,/content/drive/MyDrive/ardg_project/FINAL/single_at_ddn_l2/single_at_ddn_l2_seed12345_best.pt
deepfool_l2,6,frog,724,1000,0.724,72.39999999999999,deepfool_l2 x frog,DDN-AT,singleDDN,12345,/content/drive/MyDrive/ardg_project/FINAL/single_at_ddn_l2/single_at_ddn_l2_seed12345_best.pt
deepfool_l2,7,horse,775,1000,0.775,77.5,deepfool_l2 x horse,DDN-AT,singleDDN,12345,/content/drive/MyDrive/ardg_project/FINAL/single_at_ddn_l2/single_at_ddn_l2_seed12345_best.pt
deepfool_l2,8,ship,814,1000,0.814,81.39999999999999,deepfool_l2 x ship,DDN-AT,singleDDN,12345,/content/drive/MyDrive/ardg_project/FINAL/single_at_ddn_l2/single_at_ddn_l2_seed12345_best.pt
deepfool_l2,9,truck,819,1000,0.819,81.89999999999999,deepfool_l2 x truck,DDN-AT,singleDDN,12345,/content/drive/MyDrive/ardg_project/FINAL/single_at_ddn_l2/single_at_ddn_l2_seed12345_best.pt
cw_l2,0,airplane,776,1000,0.776,77.60000000000001,cw_l2 x airplane,DDN-AT,singleDDN,12345,/content/drive/MyDrive/ardg_project/FINAL/single_at_ddn_l2/single_at_ddn_l2_seed12345_best.pt
cw_l2,1,automobile,838,1000,0.838,83.8,cw_l2 x automobile,DDN-AT,singleDDN,12345,/content/drive/MyDrive/ardg_project/FINAL/single_at_ddn_l2/single_at_ddn_l2_seed12345_best.pt
cw_l2,2,bird,589,1000,0.589,58.9,cw_l2 x bird,DDN-AT,singleDDN,12345,/content/drive/MyDrive/ardg_project/FINAL/single_at_ddn_l2/single_at_ddn_l2_seed12345_best.pt
cw_l2,3,cat,459,1000,0.459,45.9,cw_l2 x cat,DDN-AT,singleDDN,12345,/content/drive/MyDrive/ardg_project/FINAL/single_at_ddn_l2/single_at_ddn_l2_seed12345_best.pt
cw_l2,4,deer,612,1000,0.612,61.199999999999996,cw_l2 x deer,DDN-AT,singleDDN,12345,/content/drive/MyDrive/ardg_project/FINAL/single_at_ddn_l2/single_at_ddn_l2_seed12345_best.pt
cw_l2,5,dog,530,1000,0.53,53.0,cw_l2 x dog,DDN-AT,singleDDN,12345,/content/drive/MyDrive/ardg_project/FINAL/single_at_ddn_l2/single_at_ddn_l2_seed12345_best.pt
cw_l2,6,frog,742,1000,0.742,74.2,cw_l2 x frog,DDN-AT,singleDDN,12345,/content/drive/MyDrive/ardg_project/FINAL/single_at_ddn_l2/single_at_ddn_l2_seed12345_best.pt
cw_l2,7,horse,783,1000,0.783,78.3,cw_l2 x horse,DDN-AT,singleDDN,12345,/content/drive/MyDrive/ardg_project/FINAL/single_at_ddn_l2/single_at_ddn_l2_seed12345_best.pt
cw_l2,8,ship,834,1000,0.834,83.39999999999999,cw_l2 x ship,DDN-AT,singleDDN,12345,/content/drive/MyDrive/ardg_project/FINAL/single_at_ddn_l2/single_at_ddn_l2_seed12345_best.pt
cw_l2,9,truck,837,1000,0.837,83.7,cw_l2 x truck,DDN-AT,singleDDN,12345,/content/drive/MyDrive/ardg_project/FINAL/single_at_ddn_l2/single_at_ddn_l2_seed12345_best.pt
fgsm_rs,0,airplane,757,1000,0.757,75.7,fgsm_rs x airplane,Multi-AT,uniform,73,/content/drive/MyDrive/ardg_project/FINAL/multi_attack/multi_attack_pgd_linf_ddn_l2_mb_seed73_best.pt
fgsm_rs,1,automobile,859,1000,0.859,85.9,fgsm_rs x automobile,Multi-AT,uniform,73,/content/drive/MyDrive/ardg_project/FINAL/multi_attack/multi_attack_pgd_linf_ddn_l2_mb_seed73_best.pt
fgsm_rs,2,bird,529,1000,0.529,52.900000000000006,fgsm_rs x bird,Multi-AT,uniform,73,/content/drive/MyDrive/ardg_project/FINAL/multi_attack/multi_attack_pgd_linf_ddn_l2_mb_seed73_best.pt
fgsm_rs,3,cat,417,1000,0.417,41.699999999999996,fgsm_rs x cat,Multi-AT,uniform,73,/content/drive/MyDrive/ardg_project/FINAL/multi_attack/multi_attack_pgd_linf_ddn_l2_mb_seed73_best.pt
fgsm_rs,4,deer,552,1000,0.552,55.2,fgsm_rs x deer,Multi-AT,uniform,73,/content/drive/MyDrive/ardg_project/FINAL/multi_attack/multi_attack_pgd_linf_ddn_l2_mb_seed73_best.pt
fgsm_rs,5,dog,571,1000,0.571,57.099999999999994,fgsm_rs x dog,Multi-AT,uniform,73,/content/drive/MyDrive/ardg_project/FINAL/multi_attack/multi_attack_pgd_linf_ddn_l2_mb_seed73_best.pt
fgsm_rs,6,frog,751,1000,0.751,75.1,fgsm_rs x frog,Multi-AT,uniform,73,/content/drive/MyDrive/ardg_project/FINAL/multi_attack/multi_attack_pgd_linf_ddn_l2_mb_seed73_best.pt
fgsm_rs,7,horse,775,1000,0.775,77.5,fgsm_rs x horse,Multi-AT,uniform,73,/content/drive/MyDrive/ardg_project/FINAL/multi_attack/multi_attack_pgd_linf_ddn_l2_mb_seed73_best.pt
fgsm_rs,8,ship,848,1000,0.848,84.8,fgsm_rs x ship,Multi-AT,uniform,73,/content/drive/MyDrive/ardg_project/FINAL/multi_attack/multi_attack_pgd_linf_ddn_l2_mb_seed73_best.pt
fgsm_rs,9,truck,816,1000,0.816,81.6,fgsm_rs x truck,Multi-AT,uniform,73,/content/drive/MyDrive/ardg_project/FINAL/multi_attack/multi_attack_pgd_linf_ddn_l2_mb_seed73_best.pt
pgd20_ce,0,airplane,537,1000,0.537,53.7,pgd20_ce x airplane,Multi-AT,uniform,73,/content/drive/MyDrive/ardg_project/FINAL/multi_attack/multi_attack_pgd_linf_ddn_l2_mb_seed73_best.pt
pgd20_ce,1,automobile,677,1000,0.677,67.7,pgd20_ce x automobile,Multi-AT,uniform,73,/content/drive/MyDrive/ardg_project/FINAL/multi_attack/multi_attack_pgd_linf_ddn_l2_mb_seed73_best.pt
pgd20_ce,2,bird,300,1000,0.3,30.0,pgd20_ce x bird,Multi-AT,uniform,73,/content/drive/MyDrive/ardg_project/FINAL/multi_attack/multi_attack_pgd_linf_ddn_l2_mb_seed73_best.pt
pgd20_ce,3,cat,163,1000,0.163,16.3,pgd20_ce x cat,Multi-AT,uniform,73,/content/drive/MyDrive/ardg_project/FINAL/multi_attack/multi_attack_pgd_linf_ddn_l2_mb_seed73_best.pt
pgd20_ce,4,deer,227,1000,0.227,22.7,pgd20_ce x deer,Multi-AT,uniform,73,/content/drive/MyDrive/ardg_project/FINAL/multi_attack/multi_attack_pgd_linf_ddn_l2_mb_seed73_best.pt
pgd20_ce,5,dog,340,1000,0.34,34.0,pgd20_ce x dog,Multi-AT,uniform,73,/content/drive/MyDrive/ardg_project/FINAL/multi_attack/multi_attack_pgd_linf_ddn_l2_mb_seed73_best.pt
pgd20_ce,6,frog,447,1000,0.447,44.7,pgd20_ce x frog,Multi-AT,uniform,73,/content/drive/MyDrive/ardg_project/FINAL/multi_attack/multi_attack_pgd_linf_ddn_l2_mb_seed73_best.pt
pgd20_ce,7,horse,586,1000,0.586,58.599999999999994,pgd20_ce x horse,Multi-AT,uniform,73,/content/drive/MyDrive/ardg_project/FINAL/multi_attack/multi_attack_pgd_linf_ddn_l2_mb_seed73_best.pt
pgd20_ce,8,ship,631,1000,0.631,63.1,pgd20_ce x ship,Multi-AT,uniform,73,/content/drive/MyDrive/ardg_project/FINAL/multi_attack/multi_attack_pgd_linf_ddn_l2_mb_seed73_best.pt
pgd20_ce,9,truck,593,1000,0.593,59.3,pgd20_ce x truck,Multi-AT,uniform,73,/content/drive/MyDrive/ardg_project/FINAL/multi_attack/multi_attack_pgd_linf_ddn_l2_mb_seed73_best.pt
tpgd,0,airplane,734,1000,0.734,73.4,tpgd x airplane,Multi-AT,uniform,73,/content/drive/MyDrive/ardg_project/FINAL/multi_attack/multi_attack_pgd_linf_ddn_l2_mb_seed73_best.pt
tpgd,1,automobile,825,1000,0.825,82.5,tpgd x automobile,Multi-AT,uniform,73,/content/drive/MyDrive/ardg_project/FINAL/multi_attack/multi_attack_pgd_linf_ddn_l2_mb_seed73_best.pt
tpgd,2,bird,567,1000,0.567,56.699999999999996,tpgd x bird,Multi-AT,uniform,73,/content/drive/MyDrive/ardg_project/FINAL/multi_attack/multi_attack_pgd_linf_ddn_l2_mb_seed73_best.pt
tpgd,3,cat,393,1000,0.393,39.300000000000004,tpgd x cat,Multi-AT,uniform,73,/content/drive/MyDrive/ardg_project/FINAL/multi_attack/multi_attack_pgd_linf_ddn_l2_mb_seed73_best.pt
tpgd,4,deer,511,1000,0.511,51.1,tpgd x deer,Multi-AT,uniform,73,/content/drive/MyDrive/ardg_project/FINAL/multi_attack/multi_attack_pgd_linf_ddn_l2_mb_seed73_best.pt
tpgd,5,dog,586,1000,0.586,58.599999999999994,tpgd x dog,Multi-AT,uniform,73,/content/drive/MyDrive/ardg_project/FINAL/multi_attack/multi_attack_pgd_linf_ddn_l2_mb_seed73_best.pt
tpgd,6,frog,694,1000,0.694,69.39999999999999,tpgd x frog,Multi-AT,uniform,73,/content/drive/MyDrive/ardg_project/FINAL/multi_attack/multi_attack_pgd_linf_ddn_l2_mb_seed73_best.pt
tpgd,7,horse,762,1000,0.762,76.2,tpgd x horse,Multi-AT,uniform,73,/content/drive/MyDrive/ardg_project/FINAL/multi_attack/multi_attack_pgd_linf_ddn_l2_mb_seed73_best.pt
tpgd,8,ship,795,1000,0.795,79.5,tpgd x ship,Multi-AT,uniform,73,/content/drive/MyDrive/ardg_project/FINAL/multi_attack/multi_attack_pgd_linf_ddn_l2_mb_seed73_best.pt
tpgd,9,truck,761,1000,0.761,76.1,tpgd x truck,Multi-AT,uniform,73,/content/drive/MyDrive/ardg_project/FINAL/multi_attack/multi_attack_pgd_linf_ddn_l2_mb_seed73_best.pt
mifgsm,0,airplane,552,1000,0.552,55.2,mifgsm x airplane,Multi-AT,uniform,73,/content/drive/MyDrive/ardg_project/FINAL/multi_attack/multi_attack_pgd_linf_ddn_l2_mb_seed73_best.pt
mifgsm,1,automobile,689,1000,0.689,68.89999999999999,mifgsm x automobile,Multi-AT,uniform,73,/content/drive/MyDrive/ardg_project/FINAL/multi_attack/multi_attack_pgd_linf_ddn_l2_mb_seed73_best.pt
mifgsm,2,bird,318,1000,0.318,31.8,mifgsm x bird,Multi-AT,uniform,73,/content/drive/MyDrive/ardg_project/FINAL/multi_attack/multi_attack_pgd_linf_ddn_l2_mb_seed73_best.pt
mifgsm,3,cat,193,1000,0.193,19.3,mifgsm x cat,Multi-AT,uniform,73,/content/drive/MyDrive/ardg_project/FINAL/multi_attack/multi_attack_pgd_linf_ddn_l2_mb_seed73_best.pt
mifgsm,4,deer,262,1000,0.262,26.200000000000003,mifgsm x deer,Multi-AT,uniform,73,/content/drive/MyDrive/ardg_project/FINAL/multi_attack/multi_attack_pgd_linf_ddn_l2_mb_seed73_best.pt
mifgsm,5,dog,356,1000,0.356,35.6,mifgsm x dog,Multi-AT,uniform,73,/content/drive/MyDrive/ardg_project/FINAL/multi_attack/multi_attack_pgd_linf_ddn_l2_mb_seed73_best.pt
mifgsm,6,frog,479,1000,0.479,47.9,mifgsm x frog,Multi-AT,uniform,73,/content/drive/MyDrive/ardg_project/FINAL/multi_attack/multi_attack_pgd_linf_ddn_l2_mb_seed73_best.pt
mifgsm,7,horse,604,1000,0.604,60.4,mifgsm x horse,Multi-AT,uniform,73,/content/drive/MyDrive/ardg_project/FINAL/multi_attack/multi_attack_pgd_linf_ddn_l2_mb_seed73_best.pt
mifgsm,8,ship,664,1000,0.664,66.4,mifgsm x ship,Multi-AT,uniform,73,/content/drive/MyDrive/ardg_project/FINAL/multi_attack/multi_attack_pgd_linf_ddn_l2_mb_seed73_best.pt
mifgsm,9,truck,620,1000,0.62,62.0,mifgsm x truck,Multi-AT,uniform,73,/content/drive/MyDrive/ardg_project/FINAL/multi_attack/multi_attack_pgd_linf_ddn_l2_mb_seed73_best.pt
pgd_l2,0,airplane,748,1000,0.748,74.8,pgd_l2 x airplane,Multi-AT,uniform,73,/content/drive/MyDrive/ardg_project/FINAL/multi_attack/multi_attack_pgd_linf_ddn_l2_mb_seed73_best.pt
pgd_l2,1,automobile,860,1000,0.86,86.0,pgd_l2 x automobile,Multi-AT,uniform,73,/content/drive/MyDrive/ardg_project/FINAL/multi_attack/multi_attack_pgd_linf_ddn_l2_mb_seed73_best.pt
pgd_l2,2,bird,544,1000,0.544,54.400000000000006,pgd_l2 x bird,Multi-AT,uniform,73,/content/drive/MyDrive/ardg_project/FINAL/multi_attack/multi_attack_pgd_linf_ddn_l2_mb_seed73_best.pt
pgd_l2,3,cat,424,1000,0.424,42.4,pgd_l2 x cat,Multi-AT,uniform,73,/content/drive/MyDrive/ardg_project/FINAL/multi_attack/multi_attack_pgd_linf_ddn_l2_mb_seed73_best.pt
pgd_l2,4,deer,568,1000,0.568,56.8,pgd_l2 x deer,Multi-AT,uniform,73,/content/drive/MyDrive/ardg_project/FINAL/multi_attack/multi_attack_pgd_linf_ddn_l2_mb_seed73_best.pt
pgd_l2,5,dog,571,1000,0.571,57.099999999999994,pgd_l2 x dog,Multi-AT,uniform,73,/content/drive/MyDrive/ardg_project/FINAL/multi_attack/multi_attack_pgd_linf_ddn_l2_mb_seed73_best.pt
pgd_l2,6,frog,762,1000,0.762,76.2,pgd_l2 x frog,Multi-AT,uniform,73,/content/drive/MyDrive/ardg_project/FINAL/multi_attack/multi_attack_pgd_linf_ddn_l2_mb_seed73_best.pt
pgd_l2,7,horse,795,1000,0.795,79.5,pgd_l2 x horse,Multi-AT,uniform,73,/content/drive/MyDrive/ardg_project/FINAL/multi_attack/multi_attack_pgd_linf_ddn_l2_mb_seed73_best.pt
pgd_l2,8,ship,861,1000,0.861,86.1,pgd_l2 x ship,Multi-AT,uniform,73,/content/drive/MyDrive/ardg_project/FINAL/multi_attack/multi_attack_pgd_linf_ddn_l2_mb_seed73_best.pt
pgd_l2,9,truck,813,1000,0.813,81.3,pgd_l2 x truck,Multi-AT,uniform,73,/content/drive/MyDrive/ardg_project/FINAL/multi_attack/multi_attack_pgd_linf_ddn_l2_mb_seed73_best.pt
ddn_l2,0,airplane,713,1000,0.713,71.3,ddn_l2 x airplane,Multi-AT,uniform,73,/content/drive/MyDrive/ardg_project/FINAL/multi_attack/multi_attack_pgd_linf_ddn_l2_mb_seed73_best.pt
ddn_l2,1,automobile,843,1000,0.843,84.3,ddn_l2 x automobile,Multi-AT,uniform,73,/content/drive/MyDrive/ardg_project/FINAL/multi_attack/multi_attack_pgd_linf_ddn_l2_mb_seed73_best.pt
ddn_l2,2,bird,514,1000,0.514,51.4,ddn_l2 x bird,Multi-AT,uniform,73,/content/drive/MyDrive/ardg_project/FINAL/multi_attack/multi_attack_pgd_linf_ddn_l2_mb_seed73_best.pt
ddn_l2,3,cat,393,1000,0.393,39.300000000000004,ddn_l2 x cat,Multi-AT,uniform,73,/content/drive/MyDrive/ardg_project/FINAL/multi_attack/multi_attack_pgd_linf_ddn_l2_mb_seed73_best.pt
ddn_l2,4,deer,526,1000,0.526,52.6,ddn_l2 x deer,Multi-AT,uniform,73,/content/drive/MyDrive/ardg_project/FINAL/multi_attack/multi_attack_pgd_linf_ddn_l2_mb_seed73_best.pt
ddn_l2,5,dog,554,1000,0.554,55.400000000000006,ddn_l2 x dog,Multi-AT,uniform,73,/content/drive/MyDrive/ardg_project/FINAL/multi_attack/multi_attack_pgd_linf_ddn_l2_mb_seed73_best.pt
ddn_l2,6,frog,736,1000,0.736,73.6,ddn_l2 x frog,Multi-AT,uniform,73,/content/drive/MyDrive/ardg_project/FINAL/multi_attack/multi_attack_pgd_linf_ddn_l2_mb_seed73_best.pt
ddn_l2,7,horse,777,1000,0.777,77.7,ddn_l2 x horse,Multi-AT,uniform,73,/content/drive/MyDrive/ardg_project/FINAL/multi_attack/multi_attack_pgd_linf_ddn_l2_mb_seed73_best.pt
ddn_l2,8,ship,839,1000,0.839,83.89999999999999,ddn_l2 x ship,Multi-AT,uniform,73,/content/drive/MyDrive/ardg_project/FINAL/multi_attack/multi_attack_pgd_linf_ddn_l2_mb_seed73_best.pt
ddn_l2,9,truck,791,1000,0.791,79.10000000000001,ddn_l2 x truck,Multi-AT,uniform,73,/content/drive/MyDrive/ardg_project/FINAL/multi_attack/multi_attack_pgd_linf_ddn_l2_mb_seed73_best.pt
deepfool_l2,0,airplane,728,1000,0.728,72.8,deepfool_l2 x airplane,Multi-AT,uniform,73,/content/drive/MyDrive/ardg_project/FINAL/multi_attack/multi_attack_pgd_linf_ddn_l2_mb_seed73_best.pt
deepfool_l2,1,automobile,850,1000,0.85,85.0,deepfool_l2 x automobile,Multi-AT,uniform,73,/content/drive/MyDrive/ardg_project/FINAL/multi_attack/multi_attack_pgd_linf_ddn_l2_mb_seed73_best.pt
deepfool_l2,2,bird,513,1000,0.513,51.300000000000004,deepfool_l2 x bird,Multi-AT,uniform,73,/content/drive/MyDrive/ardg_project/FINAL/multi_attack/multi_attack_pgd_linf_ddn_l2_mb_seed73_best.pt
deepfool_l2,3,cat,395,1000,0.395,39.5,deepfool_l2 x cat,Multi-AT,uniform,73,/content/drive/MyDrive/ardg_project/FINAL/multi_attack/multi_attack_pgd_linf_ddn_l2_mb_seed73_best.pt
deepfool_l2,4,deer,522,1000,0.522,52.2,deepfool_l2 x deer,Multi-AT,uniform,73,/content/drive/MyDrive/ardg_project/FINAL/multi_attack/multi_attack_pgd_linf_ddn_l2_mb_seed73_best.pt
deepfool_l2,5,dog,573,1000,0.573,57.3,deepfool_l2 x dog,Multi-AT,uniform,73,/content/drive/MyDrive/ardg_project/FINAL/multi_attack/multi_attack_pgd_linf_ddn_l2_mb_seed73_best.pt
deepfool_l2,6,frog,736,1000,0.736,73.6,deepfool_l2 x frog,Multi-AT,uniform,73,/content/drive/MyDrive/ardg_project/FINAL/multi_attack/multi_attack_pgd_linf_ddn_l2_mb_seed73_best.pt
deepfool_l2,7,horse,781,1000,0.781,78.10000000000001,deepfool_l2 x horse,Multi-AT,uniform,73,/content/drive/MyDrive/ardg_project/FINAL/multi_attack/multi_attack_pgd_linf_ddn_l2_mb_seed73_best.pt
deepfool_l2,8,ship,844,1000,0.844,84.39999999999999,deepfool_l2 x ship,Multi-AT,uniform,73,/content/drive/MyDrive/ardg_project/FINAL/multi_attack/multi_attack_pgd_linf_ddn_l2_mb_seed73_best.pt
deepfool_l2,9,truck,804,1000,0.804,80.4,deepfool_l2 x truck,Multi-AT,uniform,73,/content/drive/MyDrive/ardg_project/FINAL/multi_attack/multi_attack_pgd_linf_ddn_l2_mb_seed73_best.pt
cw_l2,0,airplane,737,1000,0.737,73.7,cw_l2 x airplane,Multi-AT,uniform,73,/content/drive/MyDrive/ardg_project/FINAL/multi_attack/multi_attack_pgd_linf_ddn_l2_mb_seed73_best.pt
cw_l2,1,automobile,856,1000,0.856,85.6,cw_l2 x automobile,Multi-AT,uniform,73,/content/drive/MyDrive/ardg_project/FINAL/multi_attack/multi_attack_pgd_linf_ddn_l2_mb_seed73_best.pt
cw_l2,2,bird,515,1000,0.515,51.5,cw_l2 x bird,Multi-AT,uniform,73,/content/drive/MyDrive/ardg_project/FINAL/multi_attack/multi_attack_pgd_linf_ddn_l2_mb_seed73_best.pt
cw_l2,3,cat,387,1000,0.387,38.7,cw_l2 x cat,Multi-AT,uniform,73,/content/drive/MyDrive/ardg_project/FINAL/multi_attack/multi_attack_pgd_linf_ddn_l2_mb_seed73_best.pt
cw_l2,4,deer,516,1000,0.516,51.6,cw_l2 x deer,Multi-AT,uniform,73,/content/drive/MyDrive/ardg_project/FINAL/multi_attack/multi_attack_pgd_linf_ddn_l2_mb_seed73_best.pt
cw_l2,5,dog,554,1000,0.554,55.400000000000006,cw_l2 x dog,Multi-AT,uniform,73,/content/drive/MyDrive/ardg_project/FINAL/multi_attack/multi_attack_pgd_linf_ddn_l2_mb_seed73_best.pt
cw_l2,6,frog,735,1000,0.735,73.5,cw_l2 x frog,Multi-AT,uniform,73,/content/drive/MyDrive/ardg_project/FINAL/multi_attack/multi_attack_pgd_linf_ddn_l2_mb_seed73_best.pt
cw_l2,7,horse,784,1000,0.784,78.4,cw_l2 x horse,Multi-AT,uniform,73,/content/drive/MyDrive/ardg_project/FINAL/multi_attack/multi_attack_pgd_linf_ddn_l2_mb_seed73_best.pt
cw_l2,8,ship,854,1000,0.854,85.39999999999999,cw_l2 x ship,Multi-AT,uniform,73,/content/drive/MyDrive/ardg_project/FINAL/multi_attack/multi_attack_pgd_linf_ddn_l2_mb_seed73_best.pt
cw_l2,9,truck,807,1000,0.807,80.7,cw_l2 x truck,Multi-AT,uniform,73,/content/drive/MyDrive/ardg_project/FINAL/multi_attack/multi_attack_pgd_linf_ddn_l2_mb_seed73_best.pt
fgsm_rs,0,airplane,740,1000,0.74,74.0,fgsm_rs x airplane,Multi-AT,uniform,202,/content/drive/MyDrive/ardg_project/FINAL/multi_attack/multi_attack_pgd_linf_ddn_l2_mb_seed202_best.pt
fgsm_rs,1,automobile,840,1000,0.84,84.0,fgsm_rs x automobile,Multi-AT,uniform,202,/content/drive/MyDrive/ardg_project/FINAL/multi_attack/multi_attack_pgd_linf_ddn_l2_mb_seed202_best.pt
fgsm_rs,2,bird,513,1000,0.513,51.300000000000004,fgsm_rs x bird,Multi-AT,uniform,202,/content/drive/MyDrive/ardg_project/FINAL/multi_attack/multi_attack_pgd_linf_ddn_l2_mb_seed202_best.pt
fgsm_rs,3,cat,401,1000,0.401,40.1,fgsm_rs x cat,Multi-AT,uniform,202,/content/drive/MyDrive/ardg_project/FINAL/multi_attack/multi_attack_pgd_linf_ddn_l2_mb_seed202_best.pt
fgsm_rs,4,deer,578,1000,0.578,57.8,fgsm_rs x deer,Multi-AT,uniform,202,/content/drive/MyDrive/ardg_project/FINAL/multi_attack/multi_attack_pgd_linf_ddn_l2_mb_seed202_best.pt
fgsm_rs,5,dog,587,1000,0.587,58.699999999999996,fgsm_rs x dog,Multi-AT,uniform,202,/content/drive/MyDrive/ardg_project/FINAL/multi_attack/multi_attack_pgd_linf_ddn_l2_mb_seed202_best.pt
fgsm_rs,6,frog,720,1000,0.72,72.0,fgsm_rs x frog,Multi-AT,uniform,202,/content/drive/MyDrive/ardg_project/FINAL/multi_attack/multi_attack_pgd_linf_ddn_l2_mb_seed202_best.pt
fgsm_rs,7,horse,773,1000,0.773,77.3,fgsm_rs x horse,Multi-AT,uniform,202,/content/drive/MyDrive/ardg_project/FINAL/multi_attack/multi_attack_pgd_linf_ddn_l2_mb_seed202_best.pt
fgsm_rs,8,ship,868,1000,0.868,86.8,fgsm_rs x ship,Multi-AT,uniform,202,/content/drive/MyDrive/ardg_project/FINAL/multi_attack/multi_attack_pgd_linf_ddn_l2_mb_seed202_best.pt
fgsm_rs,9,truck,795,1000,0.795,79.5,fgsm_rs x truck,Multi-AT,uniform,202,/content/drive/MyDrive/ardg_project/FINAL/multi_attack/multi_attack_pgd_linf_ddn_l2_mb_seed202_best.pt
pgd20_ce,0,airplane,530,1000,0.53,53.0,pgd20_ce x airplane,Multi-AT,uniform,202,/content/drive/MyDrive/ardg_project/FINAL/multi_attack/multi_attack_pgd_linf_ddn_l2_mb_seed202_best.pt
pgd20_ce,1,automobile,658,1000,0.658,65.8,pgd20_ce x automobile,Multi-AT,uniform,202,/content/drive/MyDrive/ardg_project/FINAL/multi_attack/multi_attack_pgd_linf_ddn_l2_mb_seed202_best.pt
pgd20_ce,2,bird,291,1000,0.291,29.099999999999998,pgd20_ce x bird,Multi-AT,uniform,202,/content/drive/MyDrive/ardg_project/FINAL/multi_attack/multi_attack_pgd_linf_ddn_l2_mb_seed202_best.pt
pgd20_ce,3,cat,164,1000,0.164,16.400000000000002,pgd20_ce x cat,Multi-AT,uniform,202,/content/drive/MyDrive/ardg_project/FINAL/multi_attack/multi_attack_pgd_linf_ddn_l2_mb_seed202_best.pt
pgd20_ce,4,deer,242,1000,0.242,24.2,pgd20_ce x deer,Multi-AT,uniform,202,/content/drive/MyDrive/ardg_project/FINAL/multi_attack/multi_attack_pgd_linf_ddn_l2_mb_seed202_best.pt
pgd20_ce,5,dog,380,1000,0.38,38.0,pgd20_ce x dog,Multi-AT,uniform,202,/content/drive/MyDrive/ardg_project/FINAL/multi_attack/multi_attack_pgd_linf_ddn_l2_mb_seed202_best.pt
pgd20_ce,6,frog,422,1000,0.422,42.199999999999996,pgd20_ce x frog,Multi-AT,uniform,202,/content/drive/MyDrive/ardg_project/FINAL/multi_attack/multi_attack_pgd_linf_ddn_l2_mb_seed202_best.pt
pgd20_ce,7,horse,575,1000,0.575,57.49999999999999,pgd20_ce x horse,Multi-AT,uniform,202,/content/drive/MyDrive/ardg_project/FINAL/multi_attack/multi_attack_pgd_linf_ddn_l2_mb_seed202_best.pt
pgd20_ce,8,ship,660,1000,0.66,66.0,pgd20_ce x ship,Multi-AT,uniform,202,/content/drive/MyDrive/ardg_project/FINAL/multi_attack/multi_attack_pgd_linf_ddn_l2_mb_seed202_best.pt
pgd20_ce,9,truck,566,1000,0.566,56.599999999999994,pgd20_ce x truck,Multi-AT,uniform,202,/content/drive/MyDrive/ardg_project/FINAL/multi_attack/multi_attack_pgd_linf_ddn_l2_mb_seed202_best.pt
tpgd,0,airplane,727,1000,0.727,72.7,tpgd x airplane,Multi-AT,uniform,202,/content/drive/MyDrive/ardg_project/FINAL/multi_attack/multi_attack_pgd_linf_ddn_l2_mb_seed202_best.pt
tpgd,1,automobile,825,1000,0.825,82.5,tpgd x automobile,Multi-AT,uniform,202,/content/drive/MyDrive/ardg_project/FINAL/multi_attack/multi_attack_pgd_linf_ddn_l2_mb_seed202_best.pt
tpgd,2,bird,548,1000,0.548,54.800000000000004,tpgd x bird,Multi-AT,uniform,202,/content/drive/MyDrive/ardg_project/FINAL/multi_attack/multi_attack_pgd_linf_ddn_l2_mb_seed202_best.pt
tpgd,3,cat,400,1000,0.4,40.0,tpgd x cat,Multi-AT,uniform,202,/content/drive/MyDrive/ardg_project/FINAL/multi_attack/multi_attack_pgd_linf_ddn_l2_mb_seed202_best.pt
tpgd,4,deer,539,1000,0.539,53.900000000000006,tpgd x deer,Multi-AT,uniform,202,/content/drive/MyDrive/ardg_project/FINAL/multi_attack/multi_attack_pgd_linf_ddn_l2_mb_seed202_best.pt
tpgd,5,dog,612,1000,0.612,61.199999999999996,tpgd x dog,Multi-AT,uniform,202,/content/drive/MyDrive/ardg_project/FINAL/multi_attack/multi_attack_pgd_linf_ddn_l2_mb_seed202_best.pt
tpgd,6,frog,703,1000,0.703,70.3,tpgd x frog,Multi-AT,uniform,202,/content/drive/MyDrive/ardg_project/FINAL/multi_attack/multi_attack_pgd_linf_ddn_l2_mb_seed202_best.pt
tpgd,7,horse,759,1000,0.759,75.9,tpgd x horse,Multi-AT,uniform,202,/content/drive/MyDrive/ardg_project/FINAL/multi_attack/multi_attack_pgd_linf_ddn_l2_mb_seed202_best.pt
tpgd,8,ship,810,1000,0.81,81.0,tpgd x ship,Multi-AT,uniform,202,/content/drive/MyDrive/ardg_project/FINAL/multi_attack/multi_attack_pgd_linf_ddn_l2_mb_seed202_best.pt
tpgd,9,truck,767,1000,0.767,76.7,tpgd x truck,Multi-AT,uniform,202,/content/drive/MyDrive/ardg_project/FINAL/multi_attack/multi_attack_pgd_linf_ddn_l2_mb_seed202_best.pt
mifgsm,0,airplane,549,1000,0.549,54.900000000000006,mifgsm x airplane,Multi-AT,uniform,202,/content/drive/MyDrive/ardg_project/FINAL/multi_attack/multi_attack_pgd_linf_ddn_l2_mb_seed202_best.pt
mifgsm,1,automobile,671,1000,0.671,67.10000000000001,mifgsm x automobile,Multi-AT,uniform,202,/content/drive/MyDrive/ardg_project/FINAL/multi_attack/multi_attack_pgd_linf_ddn_l2_mb_seed202_best.pt
mifgsm,2,bird,303,1000,0.303,30.3,mifgsm x bird,Multi-AT,uniform,202,/content/drive/MyDrive/ardg_project/FINAL/multi_attack/multi_attack_pgd_linf_ddn_l2_mb_seed202_best.pt
mifgsm,3,cat,182,1000,0.182,18.2,mifgsm x cat,Multi-AT,uniform,202,/content/drive/MyDrive/ardg_project/FINAL/multi_attack/multi_attack_pgd_linf_ddn_l2_mb_seed202_best.pt
mifgsm,4,deer,275,1000,0.275,27.500000000000004,mifgsm x deer,Multi-AT,uniform,202,/content/drive/MyDrive/ardg_project/FINAL/multi_attack/multi_attack_pgd_linf_ddn_l2_mb_seed202_best.pt
mifgsm,5,dog,397,1000,0.397,39.7,mifgsm x dog,Multi-AT,uniform,202,/content/drive/MyDrive/ardg_project/FINAL/multi_attack/multi_attack_pgd_linf_ddn_l2_mb_seed202_best.pt
mifgsm,6,frog,443,1000,0.443,44.3,mifgsm x frog,Multi-AT,uniform,202,/content/drive/MyDrive/ardg_project/FINAL/multi_attack/multi_attack_pgd_linf_ddn_l2_mb_seed202_best.pt
mifgsm,7,horse,587,1000,0.587,58.699999999999996,mifgsm x horse,Multi-AT,uniform,202,/content/drive/MyDrive/ardg_project/FINAL/multi_attack/multi_attack_pgd_linf_ddn_l2_mb_seed202_best.pt
mifgsm,8,ship,686,1000,0.686,68.60000000000001,mifgsm x ship,Multi-AT,uniform,202,/content/drive/MyDrive/ardg_project/FINAL/multi_attack/multi_attack_pgd_linf_ddn_l2_mb_seed202_best.pt
mifgsm,9,truck,583,1000,0.583,58.3,mifgsm x truck,Multi-AT,uniform,202,/content/drive/MyDrive/ardg_project/FINAL/multi_attack/multi_attack_pgd_linf_ddn_l2_mb_seed202_best.pt
pgd_l2,0,airplane,744,1000,0.744,74.4,pgd_l2 x airplane,Multi-AT,uniform,202,/content/drive/MyDrive/ardg_project/FINAL/multi_attack/multi_attack_pgd_linf_ddn_l2_mb_seed202_best.pt
pgd_l2,1,automobile,846,1000,0.846,84.6,pgd_l2 x automobile,Multi-AT,uniform,202,/content/drive/MyDrive/ardg_project/FINAL/multi_attack/multi_attack_pgd_linf_ddn_l2_mb_seed202_best.pt
pgd_l2,2,bird,517,1000,0.517,51.7,pgd_l2 x bird,Multi-AT,uniform,202,/content/drive/MyDrive/ardg_project/FINAL/multi_attack/multi_attack_pgd_linf_ddn_l2_mb_seed202_best.pt
pgd_l2,3,cat,419,1000,0.419,41.9,pgd_l2 x cat,Multi-AT,uniform,202,/content/drive/MyDrive/ardg_project/FINAL/multi_attack/multi_attack_pgd_linf_ddn_l2_mb_seed202_best.pt
pgd_l2,4,deer,589,1000,0.589,58.9,pgd_l2 x deer,Multi-AT,uniform,202,/content/drive/MyDrive/ardg_project/FINAL/multi_attack/multi_attack_pgd_linf_ddn_l2_mb_seed202_best.pt
pgd_l2,5,dog,591,1000,0.591,59.099999999999994,pgd_l2 x dog,Multi-AT,uniform,202,/content/drive/MyDrive/ardg_project/FINAL/multi_attack/multi_attack_pgd_linf_ddn_l2_mb_seed202_best.pt
pgd_l2,6,frog,728,1000,0.728,72.8,pgd_l2 x frog,Multi-AT,uniform,202,/content/drive/MyDrive/ardg_project/FINAL/multi_attack/multi_attack_pgd_linf_ddn_l2_mb_seed202_best.pt
pgd_l2,7,horse,781,1000,0.781,78.10000000000001,pgd_l2 x horse,Multi-AT,uniform,202,/content/drive/MyDrive/ardg_project/FINAL/multi_attack/multi_attack_pgd_linf_ddn_l2_mb_seed202_best.pt
pgd_l2,8,ship,873,1000,0.873,87.3,pgd_l2 x ship,Multi-AT,uniform,202,/content/drive/MyDrive/ardg_project/FINAL/multi_attack/multi_attack_pgd_linf_ddn_l2_mb_seed202_best.pt
pgd_l2,9,truck,791,1000,0.791,79.10000000000001,pgd_l2 x truck,Multi-AT,uniform,202,/content/drive/MyDrive/ardg_project/FINAL/multi_attack/multi_attack_pgd_linf_ddn_l2_mb_seed202_best.pt
ddn_l2,0,airplane,721,1000,0.721,72.1,ddn_l2 x airplane,Multi-AT,uniform,202,/content/drive/MyDrive/ardg_project/FINAL/multi_attack/multi_attack_pgd_linf_ddn_l2_mb_seed202_best.pt
ddn_l2,1,automobile,832,1000,0.832,83.2,ddn_l2 x automobile,Multi-AT,uniform,202,/content/drive/MyDrive/ardg_project/FINAL/multi_attack/multi_attack_pgd_linf_ddn_l2_mb_seed202_best.pt
ddn_l2,2,bird,501,1000,0.501,50.1,ddn_l2 x bird,Multi-AT,uniform,202,/content/drive/MyDrive/ardg_project/FINAL/multi_attack/multi_attack_pgd_linf_ddn_l2_mb_seed202_best.pt
ddn_l2,3,cat,375,1000,0.375,37.5,ddn_l2 x cat,Multi-AT,uniform,202,/content/drive/MyDrive/ardg_project/FINAL/multi_attack/multi_attack_pgd_linf_ddn_l2_mb_seed202_best.pt
ddn_l2,4,deer,551,1000,0.551,55.1,ddn_l2 x deer,Multi-AT,uniform,202,/content/drive/MyDrive/ardg_project/FINAL/multi_attack/multi_attack_pgd_linf_ddn_l2_mb_seed202_best.pt
ddn_l2,5,dog,570,1000,0.57,56.99999999999999,ddn_l2 x dog,Multi-AT,uniform,202,/content/drive/MyDrive/ardg_project/FINAL/multi_attack/multi_attack_pgd_linf_ddn_l2_mb_seed202_best.pt
ddn_l2,6,frog,703,1000,0.703,70.3,ddn_l2 x frog,Multi-AT,uniform,202,/content/drive/MyDrive/ardg_project/FINAL/multi_attack/multi_attack_pgd_linf_ddn_l2_mb_seed202_best.pt
ddn_l2,7,horse,768,1000,0.768,76.8,ddn_l2 x horse,Multi-AT,uniform,202,/content/drive/MyDrive/ardg_project/FINAL/multi_attack/multi_attack_pgd_linf_ddn_l2_mb_seed202_best.pt
ddn_l2,8,ship,851,1000,0.851,85.1,ddn_l2 x ship,Multi-AT,uniform,202,/content/drive/MyDrive/ardg_project/FINAL/multi_attack/multi_attack_pgd_linf_ddn_l2_mb_seed202_best.pt
ddn_l2,9,truck,782,1000,0.782,78.2,ddn_l2 x truck,Multi-AT,uniform,202,/content/drive/MyDrive/ardg_project/FINAL/multi_attack/multi_attack_pgd_linf_ddn_l2_mb_seed202_best.pt
deepfool_l2,0,airplane,729,1000,0.729,72.89999999999999,deepfool_l2 x airplane,Multi-AT,uniform,202,/content/drive/MyDrive/ardg_project/FINAL/multi_attack/multi_attack_pgd_linf_ddn_l2_mb_seed202_best.pt
deepfool_l2,1,automobile,835,1000,0.835,83.5,deepfool_l2 x automobile,Multi-AT,uniform,202,/content/drive/MyDrive/ardg_project/FINAL/multi_attack/multi_attack_pgd_linf_ddn_l2_mb_seed202_best.pt
deepfool_l2,2,bird,507,1000,0.507,50.7,deepfool_l2 x bird,Multi-AT,uniform,202,/content/drive/MyDrive/ardg_project/FINAL/multi_attack/multi_attack_pgd_linf_ddn_l2_mb_seed202_best.pt
deepfool_l2,3,cat,380,1000,0.38,38.0,deepfool_l2 x cat,Multi-AT,uniform,202,/content/drive/MyDrive/ardg_project/FINAL/multi_attack/multi_attack_pgd_linf_ddn_l2_mb_seed202_best.pt
deepfool_l2,4,deer,544,1000,0.544,54.400000000000006,deepfool_l2 x deer,Multi-AT,uniform,202,/content/drive/MyDrive/ardg_project/FINAL/multi_attack/multi_attack_pgd_linf_ddn_l2_mb_seed202_best.pt
deepfool_l2,5,dog,578,1000,0.578,57.8,deepfool_l2 x dog,Multi-AT,uniform,202,/content/drive/MyDrive/ardg_project/FINAL/multi_attack/multi_attack_pgd_linf_ddn_l2_mb_seed202_best.pt
deepfool_l2,6,frog,700,1000,0.7,70.0,deepfool_l2 x frog,Multi-AT,uniform,202,/content/drive/MyDrive/ardg_project/FINAL/multi_attack/multi_attack_pgd_linf_ddn_l2_mb_seed202_best.pt
deepfool_l2,7,horse,768,1000,0.768,76.8,deepfool_l2 x horse,Multi-AT,uniform,202,/content/drive/MyDrive/ardg_project/FINAL/multi_attack/multi_attack_pgd_linf_ddn_l2_mb_seed202_best.pt
deepfool_l2,8,ship,863,1000,0.863,86.3,deepfool_l2 x ship,Multi-AT,uniform,202,/content/drive/MyDrive/ardg_project/FINAL/multi_attack/multi_attack_pgd_linf_ddn_l2_mb_seed202_best.pt
deepfool_l2,9,truck,789,1000,0.789,78.9,deepfool_l2 x truck,Multi-AT,uniform,202,/content/drive/MyDrive/ardg_project/FINAL/multi_attack/multi_attack_pgd_linf_ddn_l2_mb_seed202_best.pt
cw_l2,0,airplane,738,1000,0.738,73.8,cw_l2 x airplane,Multi-AT,uniform,202,/content/drive/MyDrive/ardg_project/FINAL/multi_attack/multi_attack_pgd_linf_ddn_l2_mb_seed202_best.pt
cw_l2,1,automobile,841,1000,0.841,84.1,cw_l2 x automobile,Multi-AT,uniform,202,/content/drive/MyDrive/ardg_project/FINAL/multi_attack/multi_attack_pgd_linf_ddn_l2_mb_seed202_best.pt
cw_l2,2,bird,499,1000,0.499,49.9,cw_l2 x bird,Multi-AT,uniform,202,/content/drive/MyDrive/ardg_project/FINAL/multi_attack/multi_attack_pgd_linf_ddn_l2_mb_seed202_best.pt
cw_l2,3,cat,359,1000,0.359,35.9,cw_l2 x cat,Multi-AT,uniform,202,/content/drive/MyDrive/ardg_project/FINAL/multi_attack/multi_attack_pgd_linf_ddn_l2_mb_seed202_best.pt
cw_l2,4,deer,536,1000,0.536,53.6,cw_l2 x deer,Multi-AT,uniform,202,/content/drive/MyDrive/ardg_project/FINAL/multi_attack/multi_attack_pgd_linf_ddn_l2_mb_seed202_best.pt
cw_l2,5,dog,576,1000,0.576,57.599999999999994,cw_l2 x dog,Multi-AT,uniform,202,/content/drive/MyDrive/ardg_project/FINAL/multi_attack/multi_attack_pgd_linf_ddn_l2_mb_seed202_best.pt
cw_l2,6,frog,700,1000,0.7,70.0,cw_l2 x frog,Multi-AT,uniform,202,/content/drive/MyDrive/ardg_project/FINAL/multi_attack/multi_attack_pgd_linf_ddn_l2_mb_seed202_best.pt
cw_l2,7,horse,767,1000,0.767,76.7,cw_l2 x horse,Multi-AT,uniform,202,/content/drive/MyDrive/ardg_project/FINAL/multi_attack/multi_attack_pgd_linf_ddn_l2_mb_seed202_best.pt
cw_l2,8,ship,868,1000,0.868,86.8,cw_l2 x ship,Multi-AT,uniform,202,/content/drive/MyDrive/ardg_project/FINAL/multi_attack/multi_attack_pgd_linf_ddn_l2_mb_seed202_best.pt
cw_l2,9,truck,794,1000,0.794,79.4,cw_l2 x truck,Multi-AT,uniform,202,/content/drive/MyDrive/ardg_project/FINAL/multi_attack/multi_attack_pgd_linf_ddn_l2_mb_seed202_best.pt
fgsm_rs,0,airplane,748,1000,0.748,74.8,fgsm_rs x airplane,Multi-AT,uniform,1337,/content/drive/MyDrive/ardg_project/FINAL/multi_attack/multi_attack_pgd_linf_ddn_l2_mb_seed1337_best.pt
fgsm_rs,1,automobile,837,1000,0.837,83.7,fgsm_rs x automobile,Multi-AT,uniform,1337,/content/drive/MyDrive/ardg_project/FINAL/multi_attack/multi_attack_pgd_linf_ddn_l2_mb_seed1337_best.pt
fgsm_rs,2,bird,514,1000,0.514,51.4,fgsm_rs x bird,Multi-AT,uniform,1337,/content/drive/MyDrive/ardg_project/FINAL/multi_attack/multi_attack_pgd_linf_ddn_l2_mb_seed1337_best.pt
fgsm_rs,3,cat,312,1000,0.312,31.2,fgsm_rs x cat,Multi-AT,uniform,1337,/content/drive/MyDrive/ardg_project/FINAL/multi_attack/multi_attack_pgd_linf_ddn_l2_mb_seed1337_best.pt
fgsm_rs,4,deer,529,1000,0.529,52.900000000000006,fgsm_rs x deer,Multi-AT,uniform,1337,/content/drive/MyDrive/ardg_project/FINAL/multi_attack/multi_attack_pgd_linf_ddn_l2_mb_seed1337_best.pt
fgsm_rs,5,dog,618,1000,0.618,61.8,fgsm_rs x dog,Multi-AT,uniform,1337,/content/drive/MyDrive/ardg_project/FINAL/multi_attack/multi_attack_pgd_linf_ddn_l2_mb_seed1337_best.pt
fgsm_rs,6,frog,787,1000,0.787,78.7,fgsm_rs x frog,Multi-AT,uniform,1337,/content/drive/MyDrive/ardg_project/FINAL/multi_attack/multi_attack_pgd_linf_ddn_l2_mb_seed1337_best.pt
fgsm_rs,7,horse,764,1000,0.764,76.4,fgsm_rs x horse,Multi-AT,uniform,1337,/content/drive/MyDrive/ardg_project/FINAL/multi_attack/multi_attack_pgd_linf_ddn_l2_mb_seed1337_best.pt
fgsm_rs,8,ship,853,1000,0.853,85.3,fgsm_rs x ship,Multi-AT,uniform,1337,/content/drive/MyDrive/ardg_project/FINAL/multi_attack/multi_attack_pgd_linf_ddn_l2_mb_seed1337_best.pt
fgsm_rs,9,truck,807,1000,0.807,80.7,fgsm_rs x truck,Multi-AT,uniform,1337,/content/drive/MyDrive/ardg_project/FINAL/multi_attack/multi_attack_pgd_linf_ddn_l2_mb_seed1337_best.pt
pgd20_ce,0,airplane,546,1000,0.546,54.6,pgd20_ce x airplane,Multi-AT,uniform,1337,/content/drive/MyDrive/ardg_project/FINAL/multi_attack/multi_attack_pgd_linf_ddn_l2_mb_seed1337_best.pt
pgd20_ce,1,automobile,665,1000,0.665,66.5,pgd20_ce x automobile,Multi-AT,uniform,1337,/content/drive/MyDrive/ardg_project/FINAL/multi_attack/multi_attack_pgd_linf_ddn_l2_mb_seed1337_best.pt
pgd20_ce,2,bird,272,1000,0.272,27.200000000000003,pgd20_ce x bird,Multi-AT,uniform,1337,/content/drive/MyDrive/ardg_project/FINAL/multi_attack/multi_attack_pgd_linf_ddn_l2_mb_seed1337_best.pt
pgd20_ce,3,cat,113,1000,0.113,11.3,pgd20_ce x cat,Multi-AT,uniform,1337,/content/drive/MyDrive/ardg_project/FINAL/multi_attack/multi_attack_pgd_linf_ddn_l2_mb_seed1337_best.pt
pgd20_ce,4,deer,222,1000,0.222,22.2,pgd20_ce x deer,Multi-AT,uniform,1337,/content/drive/MyDrive/ardg_project/FINAL/multi_attack/multi_attack_pgd_linf_ddn_l2_mb_seed1337_best.pt
pgd20_ce,5,dog,391,1000,0.391,39.1,pgd20_ce x dog,Multi-AT,uniform,1337,/content/drive/MyDrive/ardg_project/FINAL/multi_attack/multi_attack_pgd_linf_ddn_l2_mb_seed1337_best.pt
pgd20_ce,6,frog,499,1000,0.499,49.9,pgd20_ce x frog,Multi-AT,uniform,1337,/content/drive/MyDrive/ardg_project/FINAL/multi_attack/multi_attack_pgd_linf_ddn_l2_mb_seed1337_best.pt
pgd20_ce,7,horse,572,1000,0.572,57.199999999999996,pgd20_ce x horse,Multi-AT,uniform,1337,/content/drive/MyDrive/ardg_project/FINAL/multi_attack/multi_attack_pgd_linf_ddn_l2_mb_seed1337_best.pt
pgd20_ce,8,ship,650,1000,0.65,65.0,pgd20_ce x ship,Multi-AT,uniform,1337,/content/drive/MyDrive/ardg_project/FINAL/multi_attack/multi_attack_pgd_linf_ddn_l2_mb_seed1337_best.pt
pgd20_ce,9,truck,590,1000,0.59,59.0,pgd20_ce x truck,Multi-AT,uniform,1337,/content/drive/MyDrive/ardg_project/FINAL/multi_attack/multi_attack_pgd_linf_ddn_l2_mb_seed1337_best.pt
tpgd,0,airplane,736,1000,0.736,73.6,tpgd x airplane,Multi-AT,uniform,1337,/content/drive/MyDrive/ardg_project/FINAL/multi_attack/multi_attack_pgd_linf_ddn_l2_mb_seed1337_best.pt
tpgd,1,automobile,823,1000,0.823,82.3,tpgd x automobile,Multi-AT,uniform,1337,/content/drive/MyDrive/ardg_project/FINAL/multi_attack/multi_attack_pgd_linf_ddn_l2_mb_seed1337_best.pt
tpgd,2,bird,545,1000,0.545,54.50000000000001,tpgd x bird,Multi-AT,uniform,1337,/content/drive/MyDrive/ardg_project/FINAL/multi_attack/multi_attack_pgd_linf_ddn_l2_mb_seed1337_best.pt
tpgd,3,cat,321,1000,0.321,32.1,tpgd x cat,Multi-AT,uniform,1337,/content/drive/MyDrive/ardg_project/FINAL/multi_attack/multi_attack_pgd_linf_ddn_l2_mb_seed1337_best.pt
tpgd,4,deer,517,1000,0.517,51.7,tpgd x deer,Multi-AT,uniform,1337,/content/drive/MyDrive/ardg_project/FINAL/multi_attack/multi_attack_pgd_linf_ddn_l2_mb_seed1337_best.pt
tpgd,5,dog,620,1000,0.62,62.0,tpgd x dog,Multi-AT,uniform,1337,/content/drive/MyDrive/ardg_project/FINAL/multi_attack/multi_attack_pgd_linf_ddn_l2_mb_seed1337_best.pt
tpgd,6,frog,738,1000,0.738,73.8,tpgd x frog,Multi-AT,uniform,1337,/content/drive/MyDrive/ardg_project/FINAL/multi_attack/multi_attack_pgd_linf_ddn_l2_mb_seed1337_best.pt
tpgd,7,horse,764,1000,0.764,76.4,tpgd x horse,Multi-AT,uniform,1337,/content/drive/MyDrive/ardg_project/FINAL/multi_attack/multi_attack_pgd_linf_ddn_l2_mb_seed1337_best.pt
tpgd,8,ship,809,1000,0.809,80.9,tpgd x ship,Multi-AT,uniform,1337,/content/drive/MyDrive/ardg_project/FINAL/multi_attack/multi_attack_pgd_linf_ddn_l2_mb_seed1337_best.pt
tpgd,9,truck,767,1000,0.767,76.7,tpgd x truck,Multi-AT,uniform,1337,/content/drive/MyDrive/ardg_project/FINAL/multi_attack/multi_attack_pgd_linf_ddn_l2_mb_seed1337_best.pt
mifgsm,0,airplane,566,1000,0.566,56.599999999999994,mifgsm x airplane,Multi-AT,uniform,1337,/content/drive/MyDrive/ardg_project/FINAL/multi_attack/multi_attack_pgd_linf_ddn_l2_mb_seed1337_best.pt
mifgsm,1,automobile,670,1000,0.67,67.0,mifgsm x automobile,Multi-AT,uniform,1337,/content/drive/MyDrive/ardg_project/FINAL/multi_attack/multi_attack_pgd_linf_ddn_l2_mb_seed1337_best.pt
mifgsm,2,bird,288,1000,0.288,28.799999999999997,mifgsm x bird,Multi-AT,uniform,1337,/content/drive/MyDrive/ardg_project/FINAL/multi_attack/multi_attack_pgd_linf_ddn_l2_mb_seed1337_best.pt
mifgsm,3,cat,128,1000,0.128,12.8,mifgsm x cat,Multi-AT,uniform,1337,/content/drive/MyDrive/ardg_project/FINAL/multi_attack/multi_attack_pgd_linf_ddn_l2_mb_seed1337_best.pt
mifgsm,4,deer,248,1000,0.248,24.8,mifgsm x deer,Multi-AT,uniform,1337,/content/drive/MyDrive/ardg_project/FINAL/multi_attack/multi_attack_pgd_linf_ddn_l2_mb_seed1337_best.pt
mifgsm,5,dog,407,1000,0.407,40.699999999999996,mifgsm x dog,Multi-AT,uniform,1337,/content/drive/MyDrive/ardg_project/FINAL/multi_attack/multi_attack_pgd_linf_ddn_l2_mb_seed1337_best.pt
mifgsm,6,frog,533,1000,0.533,53.300000000000004,mifgsm x frog,Multi-AT,uniform,1337,/content/drive/MyDrive/ardg_project/FINAL/multi_attack/multi_attack_pgd_linf_ddn_l2_mb_seed1337_best.pt
mifgsm,7,horse,590,1000,0.59,59.0,mifgsm x horse,Multi-AT,uniform,1337,/content/drive/MyDrive/ardg_project/FINAL/multi_attack/multi_attack_pgd_linf_ddn_l2_mb_seed1337_best.pt
mifgsm,8,ship,671,1000,0.671,67.10000000000001,mifgsm x ship,Multi-AT,uniform,1337,/content/drive/MyDrive/ardg_project/FINAL/multi_attack/multi_attack_pgd_linf_ddn_l2_mb_seed1337_best.pt
mifgsm,9,truck,604,1000,0.604,60.4,mifgsm x truck,Multi-AT,uniform,1337,/content/drive/MyDrive/ardg_project/FINAL/multi_attack/multi_attack_pgd_linf_ddn_l2_mb_seed1337_best.pt
pgd_l2,0,airplane,741,1000,0.741,74.1,pgd_l2 x airplane,Multi-AT,uniform,1337,/content/drive/MyDrive/ardg_project/FINAL/multi_attack/multi_attack_pgd_linf_ddn_l2_mb_seed1337_best.pt
pgd_l2,1,automobile,840,1000,0.84,84.0,pgd_l2 x automobile,Multi-AT,uniform,1337,/content/drive/MyDrive/ardg_project/FINAL/multi_attack/multi_attack_pgd_linf_ddn_l2_mb_seed1337_best.pt
pgd_l2,2,bird,527,1000,0.527,52.7,pgd_l2 x bird,Multi-AT,uniform,1337,/content/drive/MyDrive/ardg_project/FINAL/multi_attack/multi_attack_pgd_linf_ddn_l2_mb_seed1337_best.pt
pgd_l2,3,cat,319,1000,0.319,31.900000000000002,pgd_l2 x cat,Multi-AT,uniform,1337,/content/drive/MyDrive/ardg_project/FINAL/multi_attack/multi_attack_pgd_linf_ddn_l2_mb_seed1337_best.pt
pgd_l2,4,deer,549,1000,0.549,54.900000000000006,pgd_l2 x deer,Multi-AT,uniform,1337,/content/drive/MyDrive/ardg_project/FINAL/multi_attack/multi_attack_pgd_linf_ddn_l2_mb_seed1337_best.pt
pgd_l2,5,dog,631,1000,0.631,63.1,pgd_l2 x dog,Multi-AT,uniform,1337,/content/drive/MyDrive/ardg_project/FINAL/multi_attack/multi_attack_pgd_linf_ddn_l2_mb_seed1337_best.pt
pgd_l2,6,frog,796,1000,0.796,79.60000000000001,pgd_l2 x frog,Multi-AT,uniform,1337,/content/drive/MyDrive/ardg_project/FINAL/multi_attack/multi_attack_pgd_linf_ddn_l2_mb_seed1337_best.pt
pgd_l2,7,horse,773,1000,0.773,77.3,pgd_l2 x horse,Multi-AT,uniform,1337,/content/drive/MyDrive/ardg_project/FINAL/multi_attack/multi_attack_pgd_linf_ddn_l2_mb_seed1337_best.pt
pgd_l2,8,ship,858,1000,0.858,85.8,pgd_l2 x ship,Multi-AT,uniform,1337,/content/drive/MyDrive/ardg_project/FINAL/multi_attack/multi_attack_pgd_linf_ddn_l2_mb_seed1337_best.pt
pgd_l2,9,truck,813,1000,0.813,81.3,pgd_l2 x truck,Multi-AT,uniform,1337,/content/drive/MyDrive/ardg_project/FINAL/multi_attack/multi_attack_pgd_linf_ddn_l2_mb_seed1337_best.pt
ddn_l2,0,airplane,722,1000,0.722,72.2,ddn_l2 x airplane,Multi-AT,uniform,1337,/content/drive/MyDrive/ardg_project/FINAL/multi_attack/multi_attack_pgd_linf_ddn_l2_mb_seed1337_best.pt
ddn_l2,1,automobile,817,1000,0.817,81.69999999999999,ddn_l2 x automobile,Multi-AT,uniform,1337,/content/drive/MyDrive/ardg_project/FINAL/multi_attack/multi_attack_pgd_linf_ddn_l2_mb_seed1337_best.pt
ddn_l2,2,bird,507,1000,0.507,50.7,ddn_l2 x bird,Multi-AT,uniform,1337,/content/drive/MyDrive/ardg_project/FINAL/multi_attack/multi_attack_pgd_linf_ddn_l2_mb_seed1337_best.pt
ddn_l2,3,cat,284,1000,0.284,28.4,ddn_l2 x cat,Multi-AT,uniform,1337,/content/drive/MyDrive/ardg_project/FINAL/multi_attack/multi_attack_pgd_linf_ddn_l2_mb_seed1337_best.pt
ddn_l2,4,deer,515,1000,0.515,51.5,ddn_l2 x deer,Multi-AT,uniform,1337,/content/drive/MyDrive/ardg_project/FINAL/multi_attack/multi_attack_pgd_linf_ddn_l2_mb_seed1337_best.pt
ddn_l2,5,dog,608,1000,0.608,60.8,ddn_l2 x dog,Multi-AT,uniform,1337,/content/drive/MyDrive/ardg_project/FINAL/multi_attack/multi_attack_pgd_linf_ddn_l2_mb_seed1337_best.pt
ddn_l2,6,frog,782,1000,0.782,78.2,ddn_l2 x frog,Multi-AT,uniform,1337,/content/drive/MyDrive/ardg_project/FINAL/multi_attack/multi_attack_pgd_linf_ddn_l2_mb_seed1337_best.pt
ddn_l2,7,horse,761,1000,0.761,76.1,ddn_l2 x horse,Multi-AT,uniform,1337,/content/drive/MyDrive/ardg_project/FINAL/multi_attack/multi_attack_pgd_linf_ddn_l2_mb_seed1337_best.pt
ddn_l2,8,ship,837,1000,0.837,83.7,ddn_l2 x ship,Multi-AT,uniform,1337,/content/drive/MyDrive/ardg_project/FINAL/multi_attack/multi_attack_pgd_linf_ddn_l2_mb_seed1337_best.pt
ddn_l2,9,truck,784,1000,0.784,78.4,ddn_l2 x truck,Multi-AT,uniform,1337,/content/drive/MyDrive/ardg_project/FINAL/multi_attack/multi_attack_pgd_linf_ddn_l2_mb_seed1337_best.pt
deepfool_l2,0,airplane,729,1000,0.729,72.89999999999999,deepfool_l2 x airplane,Multi-AT,uniform,1337,/content/drive/MyDrive/ardg_project/FINAL/multi_attack/multi_attack_pgd_linf_ddn_l2_mb_seed1337_best.pt
deepfool_l2,1,automobile,824,1000,0.824,82.39999999999999,deepfool_l2 x automobile,Multi-AT,uniform,1337,/content/drive/MyDrive/ardg_project/FINAL/multi_attack/multi_attack_pgd_linf_ddn_l2_mb_seed1337_best.pt
deepfool_l2,2,bird,512,1000,0.512,51.2,deepfool_l2 x bird,Multi-AT,uniform,1337,/content/drive/MyDrive/ardg_project/FINAL/multi_attack/multi_attack_pgd_linf_ddn_l2_mb_seed1337_best.pt
deepfool_l2,3,cat,283,1000,0.283,28.299999999999997,deepfool_l2 x cat,Multi-AT,uniform,1337,/content/drive/MyDrive/ardg_project/FINAL/multi_attack/multi_attack_pgd_linf_ddn_l2_mb_seed1337_best.pt
deepfool_l2,4,deer,511,1000,0.511,51.1,deepfool_l2 x deer,Multi-AT,uniform,1337,/content/drive/MyDrive/ardg_project/FINAL/multi_attack/multi_attack_pgd_linf_ddn_l2_mb_seed1337_best.pt
deepfool_l2,5,dog,614,1000,0.614,61.4,deepfool_l2 x dog,Multi-AT,uniform,1337,/content/drive/MyDrive/ardg_project/FINAL/multi_attack/multi_attack_pgd_linf_ddn_l2_mb_seed1337_best.pt
deepfool_l2,6,frog,781,1000,0.781,78.10000000000001,deepfool_l2 x frog,Multi-AT,uniform,1337,/content/drive/MyDrive/ardg_project/FINAL/multi_attack/multi_attack_pgd_linf_ddn_l2_mb_seed1337_best.pt
deepfool_l2,7,horse,763,1000,0.763,76.3,deepfool_l2 x horse,Multi-AT,uniform,1337,/content/drive/MyDrive/ardg_project/FINAL/multi_attack/multi_attack_pgd_linf_ddn_l2_mb_seed1337_best.pt
deepfool_l2,8,ship,848,1000,0.848,84.8,deepfool_l2 x ship,Multi-AT,uniform,1337,/content/drive/MyDrive/ardg_project/FINAL/multi_attack/multi_attack_pgd_linf_ddn_l2_mb_seed1337_best.pt
deepfool_l2,9,truck,795,1000,0.795,79.5,deepfool_l2 x truck,Multi-AT,uniform,1337,/content/drive/MyDrive/ardg_project/FINAL/multi_attack/multi_attack_pgd_linf_ddn_l2_mb_seed1337_best.pt
cw_l2,0,airplane,729,1000,0.729,72.89999999999999,cw_l2 x airplane,Multi-AT,uniform,1337,/content/drive/MyDrive/ardg_project/FINAL/multi_attack/multi_attack_pgd_linf_ddn_l2_mb_seed1337_best.pt
cw_l2,1,automobile,835,1000,0.835,83.5,cw_l2 x automobile,Multi-AT,uniform,1337,/content/drive/MyDrive/ardg_project/FINAL/multi_attack/multi_attack_pgd_linf_ddn_l2_mb_seed1337_best.pt
cw_l2,2,bird,504,1000,0.504,50.4,cw_l2 x bird,Multi-AT,uniform,1337,/content/drive/MyDrive/ardg_project/FINAL/multi_attack/multi_attack_pgd_linf_ddn_l2_mb_seed1337_best.pt
cw_l2,3,cat,275,1000,0.275,27.500000000000004,cw_l2 x cat,Multi-AT,uniform,1337,/content/drive/MyDrive/ardg_project/FINAL/multi_attack/multi_attack_pgd_linf_ddn_l2_mb_seed1337_best.pt
cw_l2,4,deer,505,1000,0.505,50.5,cw_l2 x deer,Multi-AT,uniform,1337,/content/drive/MyDrive/ardg_project/FINAL/multi_attack/multi_attack_pgd_linf_ddn_l2_mb_seed1337_best.pt
cw_l2,5,dog,616,1000,0.616,61.6,cw_l2 x dog,Multi-AT,uniform,1337,/content/drive/MyDrive/ardg_project/FINAL/multi_attack/multi_attack_pgd_linf_ddn_l2_mb_seed1337_best.pt
cw_l2,6,frog,780,1000,0.78,78.0,cw_l2 x frog,Multi-AT,uniform,1337,/content/drive/MyDrive/ardg_project/FINAL/multi_attack/multi_attack_pgd_linf_ddn_l2_mb_seed1337_best.pt
cw_l2,7,horse,767,1000,0.767,76.7,cw_l2 x horse,Multi-AT,uniform,1337,/content/drive/MyDrive/ardg_project/FINAL/multi_attack/multi_attack_pgd_linf_ddn_l2_mb_seed1337_best.pt
cw_l2,8,ship,851,1000,0.851,85.1,cw_l2 x ship,Multi-AT,uniform,1337,/content/drive/MyDrive/ardg_project/FINAL/multi_attack/multi_attack_pgd_linf_ddn_l2_mb_seed1337_best.pt
cw_l2,9,truck,803,1000,0.803,80.30000000000001,cw_l2 x truck,Multi-AT,uniform,1337,/content/drive/MyDrive/ardg_project/FINAL/multi_attack/multi_attack_pgd_linf_ddn_l2_mb_seed1337_best.pt
fgsm_rs,0,airplane,756,1000,0.756,75.6,fgsm_rs x airplane,Multi-AT,uniform,7777,/content/drive/MyDrive/ardg_project/FINAL/multi_attack/multi_attack_pgd_linf_ddn_l2_mb_seed7777_best.pt
fgsm_rs,1,automobile,844,1000,0.844,84.39999999999999,fgsm_rs x automobile,Multi-AT,uniform,7777,/content/drive/MyDrive/ardg_project/FINAL/multi_attack/multi_attack_pgd_linf_ddn_l2_mb_seed7777_best.pt
fgsm_rs,2,bird,534,1000,0.534,53.400000000000006,fgsm_rs x bird,Multi-AT,uniform,7777,/content/drive/MyDrive/ardg_project/FINAL/multi_attack/multi_attack_pgd_linf_ddn_l2_mb_seed7777_best.pt
fgsm_rs,3,cat,407,1000,0.407,40.699999999999996,fgsm_rs x cat,Multi-AT,uniform,7777,/content/drive/MyDrive/ardg_project/FINAL/multi_attack/multi_attack_pgd_linf_ddn_l2_mb_seed7777_best.pt
fgsm_rs,4,deer,557,1000,0.557,55.7,fgsm_rs x deer,Multi-AT,uniform,7777,/content/drive/MyDrive/ardg_project/FINAL/multi_attack/multi_attack_pgd_linf_ddn_l2_mb_seed7777_best.pt
fgsm_rs,5,dog,583,1000,0.583,58.3,fgsm_rs x dog,Multi-AT,uniform,7777,/content/drive/MyDrive/ardg_project/FINAL/multi_attack/multi_attack_pgd_linf_ddn_l2_mb_seed7777_best.pt
fgsm_rs,6,frog,770,1000,0.77,77.0,fgsm_rs x frog,Multi-AT,uniform,7777,/content/drive/MyDrive/ardg_project/FINAL/multi_attack/multi_attack_pgd_linf_ddn_l2_mb_seed7777_best.pt
fgsm_rs,7,horse,775,1000,0.775,77.5,fgsm_rs x horse,Multi-AT,uniform,7777,/content/drive/MyDrive/ardg_project/FINAL/multi_attack/multi_attack_pgd_linf_ddn_l2_mb_seed7777_best.pt
fgsm_rs,8,ship,850,1000,0.85,85.0,fgsm_rs x ship,Multi-AT,uniform,7777,/content/drive/MyDrive/ardg_project/FINAL/multi_attack/multi_attack_pgd_linf_ddn_l2_mb_seed7777_best.pt
fgsm_rs,9,truck,817,1000,0.817,81.69999999999999,fgsm_rs x truck,Multi-AT,uniform,7777,/content/drive/MyDrive/ardg_project/FINAL/multi_attack/multi_attack_pgd_linf_ddn_l2_mb_seed7777_best.pt
pgd20_ce,0,airplane,548,1000,0.548,54.800000000000004,pgd20_ce x airplane,Multi-AT,uniform,7777,/content/drive/MyDrive/ardg_project/FINAL/multi_attack/multi_attack_pgd_linf_ddn_l2_mb_seed7777_best.pt
pgd20_ce,1,automobile,676,1000,0.676,67.60000000000001,pgd20_ce x automobile,Multi-AT,uniform,7777,/content/drive/MyDrive/ardg_project/FINAL/multi_attack/multi_attack_pgd_linf_ddn_l2_mb_seed7777_best.pt
pgd20_ce,2,bird,290,1000,0.29,28.999999999999996,pgd20_ce x bird,Multi-AT,uniform,7777,/content/drive/MyDrive/ardg_project/FINAL/multi_attack/multi_attack_pgd_linf_ddn_l2_mb_seed7777_best.pt
pgd20_ce,3,cat,160,1000,0.16,16.0,pgd20_ce x cat,Multi-AT,uniform,7777,/content/drive/MyDrive/ardg_project/FINAL/multi_attack/multi_attack_pgd_linf_ddn_l2_mb_seed7777_best.pt
pgd20_ce,4,deer,249,1000,0.249,24.9,pgd20_ce x deer,Multi-AT,uniform,7777,/content/drive/MyDrive/ardg_project/FINAL/multi_attack/multi_attack_pgd_linf_ddn_l2_mb_seed7777_best.pt
pgd20_ce,5,dog,368,1000,0.368,36.8,pgd20_ce x dog,Multi-AT,uniform,7777,/content/drive/MyDrive/ardg_project/FINAL/multi_attack/multi_attack_pgd_linf_ddn_l2_mb_seed7777_best.pt
pgd20_ce,6,frog,489,1000,0.489,48.9,pgd20_ce x frog,Multi-AT,uniform,7777,/content/drive/MyDrive/ardg_project/FINAL/multi_attack/multi_attack_pgd_linf_ddn_l2_mb_seed7777_best.pt
pgd20_ce,7,horse,573,1000,0.573,57.3,pgd20_ce x horse,Multi-AT,uniform,7777,/content/drive/MyDrive/ardg_project/FINAL/multi_attack/multi_attack_pgd_linf_ddn_l2_mb_seed7777_best.pt
pgd20_ce,8,ship,625,1000,0.625,62.5,pgd20_ce x ship,Multi-AT,uniform,7777,/content/drive/MyDrive/ardg_project/FINAL/multi_attack/multi_attack_pgd_linf_ddn_l2_mb_seed7777_best.pt
pgd20_ce,9,truck,590,1000,0.59,59.0,pgd20_ce x truck,Multi-AT,uniform,7777,/content/drive/MyDrive/ardg_project/FINAL/multi_attack/multi_attack_pgd_linf_ddn_l2_mb_seed7777_best.pt
tpgd,0,airplane,739,1000,0.739,73.9,tpgd x airplane,Multi-AT,uniform,7777,/content/drive/MyDrive/ardg_project/FINAL/multi_attack/multi_attack_pgd_linf_ddn_l2_mb_seed7777_best.pt
tpgd,1,automobile,837,1000,0.837,83.7,tpgd x automobile,Multi-AT,uniform,7777,/content/drive/MyDrive/ardg_project/FINAL/multi_attack/multi_attack_pgd_linf_ddn_l2_mb_seed7777_best.pt
tpgd,2,bird,549,1000,0.549,54.900000000000006,tpgd x bird,Multi-AT,uniform,7777,/content/drive/MyDrive/ardg_project/FINAL/multi_attack/multi_attack_pgd_linf_ddn_l2_mb_seed7777_best.pt
tpgd,3,cat,420,1000,0.42,42.0,tpgd x cat,Multi-AT,uniform,7777,/content/drive/MyDrive/ardg_project/FINAL/multi_attack/multi_attack_pgd_linf_ddn_l2_mb_seed7777_best.pt
tpgd,4,deer,550,1000,0.55,55.00000000000001,tpgd x deer,Multi-AT,uniform,7777,/content/drive/MyDrive/ardg_project/FINAL/multi_attack/multi_attack_pgd_linf_ddn_l2_mb_seed7777_best.pt
tpgd,5,dog,612,1000,0.612,61.199999999999996,tpgd x dog,Multi-AT,uniform,7777,/content/drive/MyDrive/ardg_project/FINAL/multi_attack/multi_attack_pgd_linf_ddn_l2_mb_seed7777_best.pt
tpgd,6,frog,747,1000,0.747,74.7,tpgd x frog,Multi-AT,uniform,7777,/content/drive/MyDrive/ardg_project/FINAL/multi_attack/multi_attack_pgd_linf_ddn_l2_mb_seed7777_best.pt
tpgd,7,horse,765,1000,0.765,76.5,tpgd x horse,Multi-AT,uniform,7777,/content/drive/MyDrive/ardg_project/FINAL/multi_attack/multi_attack_pgd_linf_ddn_l2_mb_seed7777_best.pt
tpgd,8,ship,781,1000,0.781,78.10000000000001,tpgd x ship,Multi-AT,uniform,7777,/content/drive/MyDrive/ardg_project/FINAL/multi_attack/multi_attack_pgd_linf_ddn_l2_mb_seed7777_best.pt
tpgd,9,truck,768,1000,0.768,76.8,tpgd x truck,Multi-AT,uniform,7777,/content/drive/MyDrive/ardg_project/FINAL/multi_attack/multi_attack_pgd_linf_ddn_l2_mb_seed7777_best.pt
mifgsm,0,airplane,564,1000,0.564,56.39999999999999,mifgsm x airplane,Multi-AT,uniform,7777,/content/drive/MyDrive/ardg_project/FINAL/multi_attack/multi_attack_pgd_linf_ddn_l2_mb_seed7777_best.pt
mifgsm,1,automobile,686,1000,0.686,68.60000000000001,mifgsm x automobile,Multi-AT,uniform,7777,/content/drive/MyDrive/ardg_project/FINAL/multi_attack/multi_attack_pgd_linf_ddn_l2_mb_seed7777_best.pt
mifgsm,2,bird,309,1000,0.309,30.9,mifgsm x bird,Multi-AT,uniform,7777,/content/drive/MyDrive/ardg_project/FINAL/multi_attack/multi_attack_pgd_linf_ddn_l2_mb_seed7777_best.pt
mifgsm,3,cat,185,1000,0.185,18.5,mifgsm x cat,Multi-AT,uniform,7777,/content/drive/MyDrive/ardg_project/FINAL/multi_attack/multi_attack_pgd_linf_ddn_l2_mb_seed7777_best.pt
mifgsm,4,deer,285,1000,0.285,28.499999999999996,mifgsm x deer,Multi-AT,uniform,7777,/content/drive/MyDrive/ardg_project/FINAL/multi_attack/multi_attack_pgd_linf_ddn_l2_mb_seed7777_best.pt
mifgsm,5,dog,390,1000,0.39,39.0,mifgsm x dog,Multi-AT,uniform,7777,/content/drive/MyDrive/ardg_project/FINAL/multi_attack/multi_attack_pgd_linf_ddn_l2_mb_seed7777_best.pt
mifgsm,6,frog,516,1000,0.516,51.6,mifgsm x frog,Multi-AT,uniform,7777,/content/drive/MyDrive/ardg_project/FINAL/multi_attack/multi_attack_pgd_linf_ddn_l2_mb_seed7777_best.pt
mifgsm,7,horse,593,1000,0.593,59.3,mifgsm x horse,Multi-AT,uniform,7777,/content/drive/MyDrive/ardg_project/FINAL/multi_attack/multi_attack_pgd_linf_ddn_l2_mb_seed7777_best.pt
mifgsm,8,ship,649,1000,0.649,64.9,mifgsm x ship,Multi-AT,uniform,7777,/content/drive/MyDrive/ardg_project/FINAL/multi_attack/multi_attack_pgd_linf_ddn_l2_mb_seed7777_best.pt
mifgsm,9,truck,629,1000,0.629,62.9,mifgsm x truck,Multi-AT,uniform,7777,/content/drive/MyDrive/ardg_project/FINAL/multi_attack/multi_attack_pgd_linf_ddn_l2_mb_seed7777_best.pt
pgd_l2,0,airplane,757,1000,0.757,75.7,pgd_l2 x airplane,Multi-AT,uniform,7777,/content/drive/MyDrive/ardg_project/FINAL/multi_attack/multi_attack_pgd_linf_ddn_l2_mb_seed7777_best.pt
pgd_l2,1,automobile,853,1000,0.853,85.3,pgd_l2 x automobile,Multi-AT,uniform,7777,/content/drive/MyDrive/ardg_project/FINAL/multi_attack/multi_attack_pgd_linf_ddn_l2_mb_seed7777_best.pt
pgd_l2,2,bird,554,1000,0.554,55.400000000000006,pgd_l2 x bird,Multi-AT,uniform,7777,/content/drive/MyDrive/ardg_project/FINAL/multi_attack/multi_attack_pgd_linf_ddn_l2_mb_seed7777_best.pt
pgd_l2,3,cat,416,1000,0.416,41.6,pgd_l2 x cat,Multi-AT,uniform,7777,/content/drive/MyDrive/ardg_project/FINAL/multi_attack/multi_attack_pgd_linf_ddn_l2_mb_seed7777_best.pt
pgd_l2,4,deer,572,1000,0.572,57.199999999999996,pgd_l2 x deer,Multi-AT,uniform,7777,/content/drive/MyDrive/ardg_project/FINAL/multi_attack/multi_attack_pgd_linf_ddn_l2_mb_seed7777_best.pt
pgd_l2,5,dog,587,1000,0.587,58.699999999999996,pgd_l2 x dog,Multi-AT,uniform,7777,/content/drive/MyDrive/ardg_project/FINAL/multi_attack/multi_attack_pgd_linf_ddn_l2_mb_seed7777_best.pt
pgd_l2,6,frog,773,1000,0.773,77.3,pgd_l2 x frog,Multi-AT,uniform,7777,/content/drive/MyDrive/ardg_project/FINAL/multi_attack/multi_attack_pgd_linf_ddn_l2_mb_seed7777_best.pt
pgd_l2,7,horse,786,1000,0.786,78.60000000000001,pgd_l2 x horse,Multi-AT,uniform,7777,/content/drive/MyDrive/ardg_project/FINAL/multi_attack/multi_attack_pgd_linf_ddn_l2_mb_seed7777_best.pt
pgd_l2,8,ship,857,1000,0.857,85.7,pgd_l2 x ship,Multi-AT,uniform,7777,/content/drive/MyDrive/ardg_project/FINAL/multi_attack/multi_attack_pgd_linf_ddn_l2_mb_seed7777_best.pt
pgd_l2,9,truck,818,1000,0.818,81.8,pgd_l2 x truck,Multi-AT,uniform,7777,/content/drive/MyDrive/ardg_project/FINAL/multi_attack/multi_attack_pgd_linf_ddn_l2_mb_seed7777_best.pt
ddn_l2,0,airplane,731,1000,0.731,73.1,ddn_l2 x airplane,Multi-AT,uniform,7777,/content/drive/MyDrive/ardg_project/FINAL/multi_attack/multi_attack_pgd_linf_ddn_l2_mb_seed7777_best.pt
ddn_l2,1,automobile,831,1000,0.831,83.1,ddn_l2 x automobile,Multi-AT,uniform,7777,/content/drive/MyDrive/ardg_project/FINAL/multi_attack/multi_attack_pgd_linf_ddn_l2_mb_seed7777_best.pt
ddn_l2,2,bird,528,1000,0.528,52.800000000000004,ddn_l2 x bird,Multi-AT,uniform,7777,/content/drive/MyDrive/ardg_project/FINAL/multi_attack/multi_attack_pgd_linf_ddn_l2_mb_seed7777_best.pt
ddn_l2,3,cat,386,1000,0.386,38.6,ddn_l2 x cat,Multi-AT,uniform,7777,/content/drive/MyDrive/ardg_project/FINAL/multi_attack/multi_attack_pgd_linf_ddn_l2_mb_seed7777_best.pt
ddn_l2,4,deer,522,1000,0.522,52.2,ddn_l2 x deer,Multi-AT,uniform,7777,/content/drive/MyDrive/ardg_project/FINAL/multi_attack/multi_attack_pgd_linf_ddn_l2_mb_seed7777_best.pt
ddn_l2,5,dog,567,1000,0.567,56.699999999999996,ddn_l2 x dog,Multi-AT,uniform,7777,/content/drive/MyDrive/ardg_project/FINAL/multi_attack/multi_attack_pgd_linf_ddn_l2_mb_seed7777_best.pt
ddn_l2,6,frog,757,1000,0.757,75.7,ddn_l2 x frog,Multi-AT,uniform,7777,/content/drive/MyDrive/ardg_project/FINAL/multi_attack/multi_attack_pgd_linf_ddn_l2_mb_seed7777_best.pt
ddn_l2,7,horse,771,1000,0.771,77.10000000000001,ddn_l2 x horse,Multi-AT,uniform,7777,/content/drive/MyDrive/ardg_project/FINAL/multi_attack/multi_attack_pgd_linf_ddn_l2_mb_seed7777_best.pt
ddn_l2,8,ship,839,1000,0.839,83.89999999999999,ddn_l2 x ship,Multi-AT,uniform,7777,/content/drive/MyDrive/ardg_project/FINAL/multi_attack/multi_attack_pgd_linf_ddn_l2_mb_seed7777_best.pt
ddn_l2,9,truck,801,1000,0.801,80.10000000000001,ddn_l2 x truck,Multi-AT,uniform,7777,/content/drive/MyDrive/ardg_project/FINAL/multi_attack/multi_attack_pgd_linf_ddn_l2_mb_seed7777_best.pt
deepfool_l2,0,airplane,749,1000,0.749,74.9,deepfool_l2 x airplane,Multi-AT,uniform,7777,/content/drive/MyDrive/ardg_project/FINAL/multi_attack/multi_attack_pgd_linf_ddn_l2_mb_seed7777_best.pt
deepfool_l2,1,automobile,838,1000,0.838,83.8,deepfool_l2 x automobile,Multi-AT,uniform,7777,/content/drive/MyDrive/ardg_project/FINAL/multi_attack/multi_attack_pgd_linf_ddn_l2_mb_seed7777_best.pt
deepfool_l2,2,bird,541,1000,0.541,54.1,deepfool_l2 x bird,Multi-AT,uniform,7777,/content/drive/MyDrive/ardg_project/FINAL/multi_attack/multi_attack_pgd_linf_ddn_l2_mb_seed7777_best.pt
deepfool_l2,3,cat,382,1000,0.382,38.2,deepfool_l2 x cat,Multi-AT,uniform,7777,/content/drive/MyDrive/ardg_project/FINAL/multi_attack/multi_attack_pgd_linf_ddn_l2_mb_seed7777_best.pt
deepfool_l2,4,deer,545,1000,0.545,54.50000000000001,deepfool_l2 x deer,Multi-AT,uniform,7777,/content/drive/MyDrive/ardg_project/FINAL/multi_attack/multi_attack_pgd_linf_ddn_l2_mb_seed7777_best.pt
deepfool_l2,5,dog,569,1000,0.569,56.89999999999999,deepfool_l2 x dog,Multi-AT,uniform,7777,/content/drive/MyDrive/ardg_project/FINAL/multi_attack/multi_attack_pgd_linf_ddn_l2_mb_seed7777_best.pt
deepfool_l2,6,frog,765,1000,0.765,76.5,deepfool_l2 x frog,Multi-AT,uniform,7777,/content/drive/MyDrive/ardg_project/FINAL/multi_attack/multi_attack_pgd_linf_ddn_l2_mb_seed7777_best.pt
deepfool_l2,7,horse,781,1000,0.781,78.10000000000001,deepfool_l2 x horse,Multi-AT,uniform,7777,/content/drive/MyDrive/ardg_project/FINAL/multi_attack/multi_attack_pgd_linf_ddn_l2_mb_seed7777_best.pt
deepfool_l2,8,ship,844,1000,0.844,84.39999999999999,deepfool_l2 x ship,Multi-AT,uniform,7777,/content/drive/MyDrive/ardg_project/FINAL/multi_attack/multi_attack_pgd_linf_ddn_l2_mb_seed7777_best.pt
deepfool_l2,9,truck,816,1000,0.816,81.6,deepfool_l2 x truck,Multi-AT,uniform,7777,/content/drive/MyDrive/ardg_project/FINAL/multi_attack/multi_attack_pgd_linf_ddn_l2_mb_seed7777_best.pt
cw_l2,0,airplane,747,1000,0.747,74.7,cw_l2 x airplane,Multi-AT,uniform,7777,/content/drive/MyDrive/ardg_project/FINAL/multi_attack/multi_attack_pgd_linf_ddn_l2_mb_seed7777_best.pt
cw_l2,1,automobile,849,1000,0.849,84.89999999999999,cw_l2 x automobile,Multi-AT,uniform,7777,/content/drive/MyDrive/ardg_project/FINAL/multi_attack/multi_attack_pgd_linf_ddn_l2_mb_seed7777_best.pt
cw_l2,2,bird,522,1000,0.522,52.2,cw_l2 x bird,Multi-AT,uniform,7777,/content/drive/MyDrive/ardg_project/FINAL/multi_attack/multi_attack_pgd_linf_ddn_l2_mb_seed7777_best.pt
cw_l2,3,cat,374,1000,0.374,37.4,cw_l2 x cat,Multi-AT,uniform,7777,/content/drive/MyDrive/ardg_project/FINAL/multi_attack/multi_attack_pgd_linf_ddn_l2_mb_seed7777_best.pt
cw_l2,4,deer,528,1000,0.528,52.800000000000004,cw_l2 x deer,Multi-AT,uniform,7777,/content/drive/MyDrive/ardg_project/FINAL/multi_attack/multi_attack_pgd_linf_ddn_l2_mb_seed7777_best.pt
cw_l2,5,dog,572,1000,0.572,57.199999999999996,cw_l2 x dog,Multi-AT,uniform,7777,/content/drive/MyDrive/ardg_project/FINAL/multi_attack/multi_attack_pgd_linf_ddn_l2_mb_seed7777_best.pt
cw_l2,6,frog,758,1000,0.758,75.8,cw_l2 x frog,Multi-AT,uniform,7777,/content/drive/MyDrive/ardg_project/FINAL/multi_attack/multi_attack_pgd_linf_ddn_l2_mb_seed7777_best.pt
cw_l2,7,horse,778,1000,0.778,77.8,cw_l2 x horse,Multi-AT,uniform,7777,/content/drive/MyDrive/ardg_project/FINAL/multi_attack/multi_attack_pgd_linf_ddn_l2_mb_seed7777_best.pt
cw_l2,8,ship,852,1000,0.852,85.2,cw_l2 x ship,Multi-AT,uniform,7777,/content/drive/MyDrive/ardg_project/FINAL/multi_attack/multi_attack_pgd_linf_ddn_l2_mb_seed7777_best.pt
cw_l2,9,truck,815,1000,0.815,81.5,cw_l2 x truck,Multi-AT,uniform,7777,/content/drive/MyDrive/ardg_project/FINAL/multi_attack/multi_attack_pgd_linf_ddn_l2_mb_seed7777_best.pt
fgsm_rs,0,airplane,757,1000,0.757,75.7,fgsm_rs x airplane,Multi-AT,uniform,12345,/content/drive/MyDrive/ardg_project/FINAL/multi_attack/multi_attack_pgd_linf_ddn_l2_mb_seed12345_best.pt
fgsm_rs,1,automobile,862,1000,0.862,86.2,fgsm_rs x automobile,Multi-AT,uniform,12345,/content/drive/MyDrive/ardg_project/FINAL/multi_attack/multi_attack_pgd_linf_ddn_l2_mb_seed12345_best.pt
fgsm_rs,2,bird,535,1000,0.535,53.5,fgsm_rs x bird,Multi-AT,uniform,12345,/content/drive/MyDrive/ardg_project/FINAL/multi_attack/multi_attack_pgd_linf_ddn_l2_mb_seed12345_best.pt
fgsm_rs,3,cat,425,1000,0.425,42.5,fgsm_rs x cat,Multi-AT,uniform,12345,/content/drive/MyDrive/ardg_project/FINAL/multi_attack/multi_attack_pgd_linf_ddn_l2_mb_seed12345_best.pt
fgsm_rs,4,deer,564,1000,0.564,56.39999999999999,fgsm_rs x deer,Multi-AT,uniform,12345,/content/drive/MyDrive/ardg_project/FINAL/multi_attack/multi_attack_pgd_linf_ddn_l2_mb_seed12345_best.pt
fgsm_rs,5,dog,586,1000,0.586,58.599999999999994,fgsm_rs x dog,Multi-AT,uniform,12345,/content/drive/MyDrive/ardg_project/FINAL/multi_attack/multi_attack_pgd_linf_ddn_l2_mb_seed12345_best.pt
fgsm_rs,6,frog,756,1000,0.756,75.6,fgsm_rs x frog,Multi-AT,uniform,12345,/content/drive/MyDrive/ardg_project/FINAL/multi_attack/multi_attack_pgd_linf_ddn_l2_mb_seed12345_best.pt
fgsm_rs,7,horse,773,1000,0.773,77.3,fgsm_rs x horse,Multi-AT,uniform,12345,/content/drive/MyDrive/ardg_project/FINAL/multi_attack/multi_attack_pgd_linf_ddn_l2_mb_seed12345_best.pt
fgsm_rs,8,ship,841,1000,0.841,84.1,fgsm_rs x ship,Multi-AT,uniform,12345,/content/drive/MyDrive/ardg_project/FINAL/multi_attack/multi_attack_pgd_linf_ddn_l2_mb_seed12345_best.pt
fgsm_rs,9,truck,814,1000,0.814,81.39999999999999,fgsm_rs x truck,Multi-AT,uniform,12345,/content/drive/MyDrive/ardg_project/FINAL/multi_attack/multi_attack_pgd_linf_ddn_l2_mb_seed12345_best.pt
pgd20_ce,0,airplane,556,1000,0.556,55.60000000000001,pgd20_ce x airplane,Multi-AT,uniform,12345,/content/drive/MyDrive/ardg_project/FINAL/multi_attack/multi_attack_pgd_linf_ddn_l2_mb_seed12345_best.pt
pgd20_ce,1,automobile,673,1000,0.673,67.30000000000001,pgd20_ce x automobile,Multi-AT,uniform,12345,/content/drive/MyDrive/ardg_project/FINAL/multi_attack/multi_attack_pgd_linf_ddn_l2_mb_seed12345_best.pt
pgd20_ce,2,bird,301,1000,0.301,30.099999999999998,pgd20_ce x bird,Multi-AT,uniform,12345,/content/drive/MyDrive/ardg_project/FINAL/multi_attack/multi_attack_pgd_linf_ddn_l2_mb_seed12345_best.pt
pgd20_ce,3,cat,156,1000,0.156,15.6,pgd20_ce x cat,Multi-AT,uniform,12345,/content/drive/MyDrive/ardg_project/FINAL/multi_attack/multi_attack_pgd_linf_ddn_l2_mb_seed12345_best.pt
pgd20_ce,4,deer,233,1000,0.233,23.3,pgd20_ce x deer,Multi-AT,uniform,12345,/content/drive/MyDrive/ardg_project/FINAL/multi_attack/multi_attack_pgd_linf_ddn_l2_mb_seed12345_best.pt
pgd20_ce,5,dog,352,1000,0.352,35.199999999999996,pgd20_ce x dog,Multi-AT,uniform,12345,/content/drive/MyDrive/ardg_project/FINAL/multi_attack/multi_attack_pgd_linf_ddn_l2_mb_seed12345_best.pt
pgd20_ce,6,frog,470,1000,0.47,47.0,pgd20_ce x frog,Multi-AT,uniform,12345,/content/drive/MyDrive/ardg_project/FINAL/multi_attack/multi_attack_pgd_linf_ddn_l2_mb_seed12345_best.pt
pgd20_ce,7,horse,560,1000,0.56,56.00000000000001,pgd20_ce x horse,Multi-AT,uniform,12345,/content/drive/MyDrive/ardg_project/FINAL/multi_attack/multi_attack_pgd_linf_ddn_l2_mb_seed12345_best.pt
pgd20_ce,8,ship,603,1000,0.603,60.3,pgd20_ce x ship,Multi-AT,uniform,12345,/content/drive/MyDrive/ardg_project/FINAL/multi_attack/multi_attack_pgd_linf_ddn_l2_mb_seed12345_best.pt
pgd20_ce,9,truck,603,1000,0.603,60.3,pgd20_ce x truck,Multi-AT,uniform,12345,/content/drive/MyDrive/ardg_project/FINAL/multi_attack/multi_attack_pgd_linf_ddn_l2_mb_seed12345_best.pt
tpgd,0,airplane,746,1000,0.746,74.6,tpgd x airplane,Multi-AT,uniform,12345,/content/drive/MyDrive/ardg_project/FINAL/multi_attack/multi_attack_pgd_linf_ddn_l2_mb_seed12345_best.pt
tpgd,1,automobile,829,1000,0.829,82.89999999999999,tpgd x automobile,Multi-AT,uniform,12345,/content/drive/MyDrive/ardg_project/FINAL/multi_attack/multi_attack_pgd_linf_ddn_l2_mb_seed12345_best.pt
tpgd,2,bird,587,1000,0.587,58.699999999999996,tpgd x bird,Multi-AT,uniform,12345,/content/drive/MyDrive/ardg_project/FINAL/multi_attack/multi_attack_pgd_linf_ddn_l2_mb_seed12345_best.pt
tpgd,3,cat,416,1000,0.416,41.6,tpgd x cat,Multi-AT,uniform,12345,/content/drive/MyDrive/ardg_project/FINAL/multi_attack/multi_attack_pgd_linf_ddn_l2_mb_seed12345_best.pt
tpgd,4,deer,550,1000,0.55,55.00000000000001,tpgd x deer,Multi-AT,uniform,12345,/content/drive/MyDrive/ardg_project/FINAL/multi_attack/multi_attack_pgd_linf_ddn_l2_mb_seed12345_best.pt
tpgd,5,dog,590,1000,0.59,59.0,tpgd x dog,Multi-AT,uniform,12345,/content/drive/MyDrive/ardg_project/FINAL/multi_attack/multi_attack_pgd_linf_ddn_l2_mb_seed12345_best.pt
tpgd,6,frog,724,1000,0.724,72.39999999999999,tpgd x frog,Multi-AT,uniform,12345,/content/drive/MyDrive/ardg_project/FINAL/multi_attack/multi_attack_pgd_linf_ddn_l2_mb_seed12345_best.pt
tpgd,7,horse,759,1000,0.759,75.9,tpgd x horse,Multi-AT,uniform,12345,/content/drive/MyDrive/ardg_project/FINAL/multi_attack/multi_attack_pgd_linf_ddn_l2_mb_seed12345_best.pt
tpgd,8,ship,782,1000,0.782,78.2,tpgd x ship,Multi-AT,uniform,12345,/content/drive/MyDrive/ardg_project/FINAL/multi_attack/multi_attack_pgd_linf_ddn_l2_mb_seed12345_best.pt
tpgd,9,truck,770,1000,0.77,77.0,tpgd x truck,Multi-AT,uniform,12345,/content/drive/MyDrive/ardg_project/FINAL/multi_attack/multi_attack_pgd_linf_ddn_l2_mb_seed12345_best.pt
mifgsm,0,airplane,570,1000,0.57,56.99999999999999,mifgsm x airplane,Multi-AT,uniform,12345,/content/drive/MyDrive/ardg_project/FINAL/multi_attack/multi_attack_pgd_linf_ddn_l2_mb_seed12345_best.pt
mifgsm,1,automobile,690,1000,0.69,69.0,mifgsm x automobile,Multi-AT,uniform,12345,/content/drive/MyDrive/ardg_project/FINAL/multi_attack/multi_attack_pgd_linf_ddn_l2_mb_seed12345_best.pt
mifgsm,2,bird,319,1000,0.319,31.900000000000002,mifgsm x bird,Multi-AT,uniform,12345,/content/drive/MyDrive/ardg_project/FINAL/multi_attack/multi_attack_pgd_linf_ddn_l2_mb_seed12345_best.pt
mifgsm,3,cat,183,1000,0.183,18.3,mifgsm x cat,Multi-AT,uniform,12345,/content/drive/MyDrive/ardg_project/FINAL/multi_attack/multi_attack_pgd_linf_ddn_l2_mb_seed12345_best.pt
mifgsm,4,deer,268,1000,0.268,26.8,mifgsm x deer,Multi-AT,uniform,12345,/content/drive/MyDrive/ardg_project/FINAL/multi_attack/multi_attack_pgd_linf_ddn_l2_mb_seed12345_best.pt
mifgsm,5,dog,375,1000,0.375,37.5,mifgsm x dog,Multi-AT,uniform,12345,/content/drive/MyDrive/ardg_project/FINAL/multi_attack/multi_attack_pgd_linf_ddn_l2_mb_seed12345_best.pt
mifgsm,6,frog,493,1000,0.493,49.3,mifgsm x frog,Multi-AT,uniform,12345,/content/drive/MyDrive/ardg_project/FINAL/multi_attack/multi_attack_pgd_linf_ddn_l2_mb_seed12345_best.pt
mifgsm,7,horse,582,1000,0.582,58.199999999999996,mifgsm x horse,Multi-AT,uniform,12345,/content/drive/MyDrive/ardg_project/FINAL/multi_attack/multi_attack_pgd_linf_ddn_l2_mb_seed12345_best.pt
mifgsm,8,ship,635,1000,0.635,63.5,mifgsm x ship,Multi-AT,uniform,12345,/content/drive/MyDrive/ardg_project/FINAL/multi_attack/multi_attack_pgd_linf_ddn_l2_mb_seed12345_best.pt
mifgsm,9,truck,629,1000,0.629,62.9,mifgsm x truck,Multi-AT,uniform,12345,/content/drive/MyDrive/ardg_project/FINAL/multi_attack/multi_attack_pgd_linf_ddn_l2_mb_seed12345_best.pt
pgd_l2,0,airplane,752,1000,0.752,75.2,pgd_l2 x airplane,Multi-AT,uniform,12345,/content/drive/MyDrive/ardg_project/FINAL/multi_attack/multi_attack_pgd_linf_ddn_l2_mb_seed12345_best.pt
pgd_l2,1,automobile,862,1000,0.862,86.2,pgd_l2 x automobile,Multi-AT,uniform,12345,/content/drive/MyDrive/ardg_project/FINAL/multi_attack/multi_attack_pgd_linf_ddn_l2_mb_seed12345_best.pt
pgd_l2,2,bird,555,1000,0.555,55.50000000000001,pgd_l2 x bird,Multi-AT,uniform,12345,/content/drive/MyDrive/ardg_project/FINAL/multi_attack/multi_attack_pgd_linf_ddn_l2_mb_seed12345_best.pt
pgd_l2,3,cat,426,1000,0.426,42.6,pgd_l2 x cat,Multi-AT,uniform,12345,/content/drive/MyDrive/ardg_project/FINAL/multi_attack/multi_attack_pgd_linf_ddn_l2_mb_seed12345_best.pt
pgd_l2,4,deer,569,1000,0.569,56.89999999999999,pgd_l2 x deer,Multi-AT,uniform,12345,/content/drive/MyDrive/ardg_project/FINAL/multi_attack/multi_attack_pgd_linf_ddn_l2_mb_seed12345_best.pt
pgd_l2,5,dog,590,1000,0.59,59.0,pgd_l2 x dog,Multi-AT,uniform,12345,/content/drive/MyDrive/ardg_project/FINAL/multi_attack/multi_attack_pgd_linf_ddn_l2_mb_seed12345_best.pt
pgd_l2,6,frog,761,1000,0.761,76.1,pgd_l2 x frog,Multi-AT,uniform,12345,/content/drive/MyDrive/ardg_project/FINAL/multi_attack/multi_attack_pgd_linf_ddn_l2_mb_seed12345_best.pt
pgd_l2,7,horse,783,1000,0.783,78.3,pgd_l2 x horse,Multi-AT,uniform,12345,/content/drive/MyDrive/ardg_project/FINAL/multi_attack/multi_attack_pgd_linf_ddn_l2_mb_seed12345_best.pt
pgd_l2,8,ship,852,1000,0.852,85.2,pgd_l2 x ship,Multi-AT,uniform,12345,/content/drive/MyDrive/ardg_project/FINAL/multi_attack/multi_attack_pgd_linf_ddn_l2_mb_seed12345_best.pt
pgd_l2,9,truck,815,1000,0.815,81.5,pgd_l2 x truck,Multi-AT,uniform,12345,/content/drive/MyDrive/ardg_project/FINAL/multi_attack/multi_attack_pgd_linf_ddn_l2_mb_seed12345_best.pt
ddn_l2,0,airplane,728,1000,0.728,72.8,ddn_l2 x airplane,Multi-AT,uniform,12345,/content/drive/MyDrive/ardg_project/FINAL/multi_attack/multi_attack_pgd_linf_ddn_l2_mb_seed12345_best.pt
ddn_l2,1,automobile,845,1000,0.845,84.5,ddn_l2 x automobile,Multi-AT,uniform,12345,/content/drive/MyDrive/ardg_project/FINAL/multi_attack/multi_attack_pgd_linf_ddn_l2_mb_seed12345_best.pt
ddn_l2,2,bird,521,1000,0.521,52.1,ddn_l2 x bird,Multi-AT,uniform,12345,/content/drive/MyDrive/ardg_project/FINAL/multi_attack/multi_attack_pgd_linf_ddn_l2_mb_seed12345_best.pt
ddn_l2,3,cat,399,1000,0.399,39.900000000000006,ddn_l2 x cat,Multi-AT,uniform,12345,/content/drive/MyDrive/ardg_project/FINAL/multi_attack/multi_attack_pgd_linf_ddn_l2_mb_seed12345_best.pt
ddn_l2,4,deer,520,1000,0.52,52.0,ddn_l2 x deer,Multi-AT,uniform,12345,/content/drive/MyDrive/ardg_project/FINAL/multi_attack/multi_attack_pgd_linf_ddn_l2_mb_seed12345_best.pt
ddn_l2,5,dog,568,1000,0.568,56.8,ddn_l2 x dog,Multi-AT,uniform,12345,/content/drive/MyDrive/ardg_project/FINAL/multi_attack/multi_attack_pgd_linf_ddn_l2_mb_seed12345_best.pt
ddn_l2,6,frog,744,1000,0.744,74.4,ddn_l2 x frog,Multi-AT,uniform,12345,/content/drive/MyDrive/ardg_project/FINAL/multi_attack/multi_attack_pgd_linf_ddn_l2_mb_seed12345_best.pt
ddn_l2,7,horse,764,1000,0.764,76.4,ddn_l2 x horse,Multi-AT,uniform,12345,/content/drive/MyDrive/ardg_project/FINAL/multi_attack/multi_attack_pgd_linf_ddn_l2_mb_seed12345_best.pt
ddn_l2,8,ship,832,1000,0.832,83.2,ddn_l2 x ship,Multi-AT,uniform,12345,/content/drive/MyDrive/ardg_project/FINAL/multi_attack/multi_attack_pgd_linf_ddn_l2_mb_seed12345_best.pt
ddn_l2,9,truck,801,1000,0.801,80.10000000000001,ddn_l2 x truck,Multi-AT,uniform,12345,/content/drive/MyDrive/ardg_project/FINAL/multi_attack/multi_attack_pgd_linf_ddn_l2_mb_seed12345_best.pt
deepfool_l2,0,airplane,739,1000,0.739,73.9,deepfool_l2 x airplane,Multi-AT,uniform,12345,/content/drive/MyDrive/ardg_project/FINAL/multi_attack/multi_attack_pgd_linf_ddn_l2_mb_seed12345_best.pt
deepfool_l2,1,automobile,856,1000,0.856,85.6,deepfool_l2 x automobile,Multi-AT,uniform,12345,/content/drive/MyDrive/ardg_project/FINAL/multi_attack/multi_attack_pgd_linf_ddn_l2_mb_seed12345_best.pt
deepfool_l2,2,bird,526,1000,0.526,52.6,deepfool_l2 x bird,Multi-AT,uniform,12345,/content/drive/MyDrive/ardg_project/FINAL/multi_attack/multi_attack_pgd_linf_ddn_l2_mb_seed12345_best.pt
deepfool_l2,3,cat,397,1000,0.397,39.7,deepfool_l2 x cat,Multi-AT,uniform,12345,/content/drive/MyDrive/ardg_project/FINAL/multi_attack/multi_attack_pgd_linf_ddn_l2_mb_seed12345_best.pt
deepfool_l2,4,deer,539,1000,0.539,53.900000000000006,deepfool_l2 x deer,Multi-AT,uniform,12345,/content/drive/MyDrive/ardg_project/FINAL/multi_attack/multi_attack_pgd_linf_ddn_l2_mb_seed12345_best.pt
deepfool_l2,5,dog,570,1000,0.57,56.99999999999999,deepfool_l2 x dog,Multi-AT,uniform,12345,/content/drive/MyDrive/ardg_project/FINAL/multi_attack/multi_attack_pgd_linf_ddn_l2_mb_seed12345_best.pt
deepfool_l2,6,frog,740,1000,0.74,74.0,deepfool_l2 x frog,Multi-AT,uniform,12345,/content/drive/MyDrive/ardg_project/FINAL/multi_attack/multi_attack_pgd_linf_ddn_l2_mb_seed12345_best.pt
deepfool_l2,7,horse,771,1000,0.771,77.10000000000001,deepfool_l2 x horse,Multi-AT,uniform,12345,/content/drive/MyDrive/ardg_project/FINAL/multi_attack/multi_attack_pgd_linf_ddn_l2_mb_seed12345_best.pt
deepfool_l2,8,ship,836,1000,0.836,83.6,deepfool_l2 x ship,Multi-AT,uniform,12345,/content/drive/MyDrive/ardg_project/FINAL/multi_attack/multi_attack_pgd_linf_ddn_l2_mb_seed12345_best.pt
deepfool_l2,9,truck,808,1000,0.808,80.80000000000001,deepfool_l2 x truck,Multi-AT,uniform,12345,/content/drive/MyDrive/ardg_project/FINAL/multi_attack/multi_attack_pgd_linf_ddn_l2_mb_seed12345_best.pt
cw_l2,0,airplane,749,1000,0.749,74.9,cw_l2 x airplane,Multi-AT,uniform,12345,/content/drive/MyDrive/ardg_project/FINAL/multi_attack/multi_attack_pgd_linf_ddn_l2_mb_seed12345_best.pt
cw_l2,1,automobile,863,1000,0.863,86.3,cw_l2 x automobile,Multi-AT,uniform,12345,/content/drive/MyDrive/ardg_project/FINAL/multi_attack/multi_attack_pgd_linf_ddn_l2_mb_seed12345_best.pt
cw_l2,2,bird,524,1000,0.524,52.400000000000006,cw_l2 x bird,Multi-AT,uniform,12345,/content/drive/MyDrive/ardg_project/FINAL/multi_attack/multi_attack_pgd_linf_ddn_l2_mb_seed12345_best.pt
cw_l2,3,cat,393,1000,0.393,39.300000000000004,cw_l2 x cat,Multi-AT,uniform,12345,/content/drive/MyDrive/ardg_project/FINAL/multi_attack/multi_attack_pgd_linf_ddn_l2_mb_seed12345_best.pt
cw_l2,4,deer,519,1000,0.519,51.9,cw_l2 x deer,Multi-AT,uniform,12345,/content/drive/MyDrive/ardg_project/FINAL/multi_attack/multi_attack_pgd_linf_ddn_l2_mb_seed12345_best.pt
cw_l2,5,dog,575,1000,0.575,57.49999999999999,cw_l2 x dog,Multi-AT,uniform,12345,/content/drive/MyDrive/ardg_project/FINAL/multi_attack/multi_attack_pgd_linf_ddn_l2_mb_seed12345_best.pt
cw_l2,6,frog,746,1000,0.746,74.6,cw_l2 x frog,Multi-AT,uniform,12345,/content/drive/MyDrive/ardg_project/FINAL/multi_attack/multi_attack_pgd_linf_ddn_l2_mb_seed12345_best.pt
cw_l2,7,horse,772,1000,0.772,77.2,cw_l2 x horse,Multi-AT,uniform,12345,/content/drive/MyDrive/ardg_project/FINAL/multi_attack/multi_attack_pgd_linf_ddn_l2_mb_seed12345_best.pt
cw_l2,8,ship,846,1000,0.846,84.6,cw_l2 x ship,Multi-AT,uniform,12345,/content/drive/MyDrive/ardg_project/FINAL/multi_attack/multi_attack_pgd_linf_ddn_l2_mb_seed12345_best.pt
cw_l2,9,truck,810,1000,0.81,81.0,cw_l2 x truck,Multi-AT,uniform,12345,/content/drive/MyDrive/ardg_project/FINAL/multi_attack/multi_attack_pgd_linf_ddn_l2_mb_seed12345_best.pt
fgsm_rs,0,airplane,766,1000,0.766,76.6,fgsm_rs x airplane,AttackDRO++,AttackDROpp,73,/content/drive/MyDrive/ardg_project/FINAL/attackdro++/attackdro_pp_anchor035_gradfp_online_k4_seed73_best.pt
fgsm_rs,1,automobile,858,1000,0.858,85.8,fgsm_rs x automobile,AttackDRO++,AttackDROpp,73,/content/drive/MyDrive/ardg_project/FINAL/attackdro++/attackdro_pp_anchor035_gradfp_online_k4_seed73_best.pt
fgsm_rs,2,bird,518,1000,0.518,51.800000000000004,fgsm_rs x bird,AttackDRO++,AttackDROpp,73,/content/drive/MyDrive/ardg_project/FINAL/attackdro++/attackdro_pp_anchor035_gradfp_online_k4_seed73_best.pt
fgsm_rs,3,cat,382,1000,0.382,38.2,fgsm_rs x cat,AttackDRO++,AttackDROpp,73,/content/drive/MyDrive/ardg_project/FINAL/attackdro++/attackdro_pp_anchor035_gradfp_online_k4_seed73_best.pt
fgsm_rs,4,deer,567,1000,0.567,56.699999999999996,fgsm_rs x deer,AttackDRO++,AttackDROpp,73,/content/drive/MyDrive/ardg_project/FINAL/attackdro++/attackdro_pp_anchor035_gradfp_online_k4_seed73_best.pt
fgsm_rs,5,dog,560,1000,0.56,56.00000000000001,fgsm_rs x dog,AttackDRO++,AttackDROpp,73,/content/drive/MyDrive/ardg_project/FINAL/attackdro++/attackdro_pp_anchor035_gradfp_online_k4_seed73_best.pt
fgsm_rs,6,frog,770,1000,0.77,77.0,fgsm_rs x frog,AttackDRO++,AttackDROpp,73,/content/drive/MyDrive/ardg_project/FINAL/attackdro++/attackdro_pp_anchor035_gradfp_online_k4_seed73_best.pt
fgsm_rs,7,horse,784,1000,0.784,78.4,fgsm_rs x horse,AttackDRO++,AttackDROpp,73,/content/drive/MyDrive/ardg_project/FINAL/attackdro++/attackdro_pp_anchor035_gradfp_online_k4_seed73_best.pt
fgsm_rs,8,ship,848,1000,0.848,84.8,fgsm_rs x ship,AttackDRO++,AttackDROpp,73,/content/drive/MyDrive/ardg_project/FINAL/attackdro++/attackdro_pp_anchor035_gradfp_online_k4_seed73_best.pt
fgsm_rs,9,truck,813,1000,0.813,81.3,fgsm_rs x truck,AttackDRO++,AttackDROpp,73,/content/drive/MyDrive/ardg_project/FINAL/attackdro++/attackdro_pp_anchor035_gradfp_online_k4_seed73_best.pt
pgd20_ce,0,airplane,546,1000,0.546,54.6,pgd20_ce x airplane,AttackDRO++,AttackDROpp,73,/content/drive/MyDrive/ardg_project/FINAL/attackdro++/attackdro_pp_anchor035_gradfp_online_k4_seed73_best.pt
pgd20_ce,1,automobile,673,1000,0.673,67.30000000000001,pgd20_ce x automobile,AttackDRO++,AttackDROpp,73,/content/drive/MyDrive/ardg_project/FINAL/attackdro++/attackdro_pp_anchor035_gradfp_online_k4_seed73_best.pt
pgd20_ce,2,bird,284,1000,0.284,28.4,pgd20_ce x bird,AttackDRO++,AttackDROpp,73,/content/drive/MyDrive/ardg_project/FINAL/attackdro++/attackdro_pp_anchor035_gradfp_online_k4_seed73_best.pt
pgd20_ce,3,cat,151,1000,0.151,15.1,pgd20_ce x cat,AttackDRO++,AttackDROpp,73,/content/drive/MyDrive/ardg_project/FINAL/attackdro++/attackdro_pp_anchor035_gradfp_online_k4_seed73_best.pt
pgd20_ce,4,deer,234,1000,0.234,23.400000000000002,pgd20_ce x deer,AttackDRO++,AttackDROpp,73,/content/drive/MyDrive/ardg_project/FINAL/attackdro++/attackdro_pp_anchor035_gradfp_online_k4_seed73_best.pt
pgd20_ce,5,dog,353,1000,0.353,35.3,pgd20_ce x dog,AttackDRO++,AttackDROpp,73,/content/drive/MyDrive/ardg_project/FINAL/attackdro++/attackdro_pp_anchor035_gradfp_online_k4_seed73_best.pt
pgd20_ce,6,frog,471,1000,0.471,47.099999999999994,pgd20_ce x frog,AttackDRO++,AttackDROpp,73,/content/drive/MyDrive/ardg_project/FINAL/attackdro++/attackdro_pp_anchor035_gradfp_online_k4_seed73_best.pt
pgd20_ce,7,horse,578,1000,0.578,57.8,pgd20_ce x horse,AttackDRO++,AttackDROpp,73,/content/drive/MyDrive/ardg_project/FINAL/attackdro++/attackdro_pp_anchor035_gradfp_online_k4_seed73_best.pt
pgd20_ce,8,ship,625,1000,0.625,62.5,pgd20_ce x ship,AttackDRO++,AttackDROpp,73,/content/drive/MyDrive/ardg_project/FINAL/attackdro++/attackdro_pp_anchor035_gradfp_online_k4_seed73_best.pt
pgd20_ce,9,truck,600,1000,0.6,60.0,pgd20_ce x truck,AttackDRO++,AttackDROpp,73,/content/drive/MyDrive/ardg_project/FINAL/attackdro++/attackdro_pp_anchor035_gradfp_online_k4_seed73_best.pt
tpgd,0,airplane,741,1000,0.741,74.1,tpgd x airplane,AttackDRO++,AttackDROpp,73,/content/drive/MyDrive/ardg_project/FINAL/attackdro++/attackdro_pp_anchor035_gradfp_online_k4_seed73_best.pt
tpgd,1,automobile,831,1000,0.831,83.1,tpgd x automobile,AttackDRO++,AttackDROpp,73,/content/drive/MyDrive/ardg_project/FINAL/attackdro++/attackdro_pp_anchor035_gradfp_online_k4_seed73_best.pt
tpgd,2,bird,552,1000,0.552,55.2,tpgd x bird,AttackDRO++,AttackDROpp,73,/content/drive/MyDrive/ardg_project/FINAL/attackdro++/attackdro_pp_anchor035_gradfp_online_k4_seed73_best.pt
tpgd,3,cat,395,1000,0.395,39.5,tpgd x cat,AttackDRO++,AttackDROpp,73,/content/drive/MyDrive/ardg_project/FINAL/attackdro++/attackdro_pp_anchor035_gradfp_online_k4_seed73_best.pt
tpgd,4,deer,521,1000,0.521,52.1,tpgd x deer,AttackDRO++,AttackDROpp,73,/content/drive/MyDrive/ardg_project/FINAL/attackdro++/attackdro_pp_anchor035_gradfp_online_k4_seed73_best.pt
tpgd,5,dog,590,1000,0.59,59.0,tpgd x dog,AttackDRO++,AttackDROpp,73,/content/drive/MyDrive/ardg_project/FINAL/attackdro++/attackdro_pp_anchor035_gradfp_online_k4_seed73_best.pt
tpgd,6,frog,721,1000,0.721,72.1,tpgd x frog,AttackDRO++,AttackDROpp,73,/content/drive/MyDrive/ardg_project/FINAL/attackdro++/attackdro_pp_anchor035_gradfp_online_k4_seed73_best.pt
tpgd,7,horse,776,1000,0.776,77.60000000000001,tpgd x horse,AttackDRO++,AttackDROpp,73,/content/drive/MyDrive/ardg_project/FINAL/attackdro++/attackdro_pp_anchor035_gradfp_online_k4_seed73_best.pt
tpgd,8,ship,814,1000,0.814,81.39999999999999,tpgd x ship,AttackDRO++,AttackDROpp,73,/content/drive/MyDrive/ardg_project/FINAL/attackdro++/attackdro_pp_anchor035_gradfp_online_k4_seed73_best.pt
tpgd,9,truck,781,1000,0.781,78.10000000000001,tpgd x truck,AttackDRO++,AttackDROpp,73,/content/drive/MyDrive/ardg_project/FINAL/attackdro++/attackdro_pp_anchor035_gradfp_online_k4_seed73_best.pt
mifgsm,0,airplane,559,1000,0.559,55.900000000000006,mifgsm x airplane,AttackDRO++,AttackDROpp,73,/content/drive/MyDrive/ardg_project/FINAL/attackdro++/attackdro_pp_anchor035_gradfp_online_k4_seed73_best.pt
mifgsm,1,automobile,689,1000,0.689,68.89999999999999,mifgsm x automobile,AttackDRO++,AttackDROpp,73,/content/drive/MyDrive/ardg_project/FINAL/attackdro++/attackdro_pp_anchor035_gradfp_online_k4_seed73_best.pt
mifgsm,2,bird,306,1000,0.306,30.599999999999998,mifgsm x bird,AttackDRO++,AttackDROpp,73,/content/drive/MyDrive/ardg_project/FINAL/attackdro++/attackdro_pp_anchor035_gradfp_online_k4_seed73_best.pt
mifgsm,3,cat,176,1000,0.176,17.599999999999998,mifgsm x cat,AttackDRO++,AttackDROpp,73,/content/drive/MyDrive/ardg_project/FINAL/attackdro++/attackdro_pp_anchor035_gradfp_online_k4_seed73_best.pt
mifgsm,4,deer,280,1000,0.28,28.000000000000004,mifgsm x deer,AttackDRO++,AttackDROpp,73,/content/drive/MyDrive/ardg_project/FINAL/attackdro++/attackdro_pp_anchor035_gradfp_online_k4_seed73_best.pt
mifgsm,5,dog,370,1000,0.37,37.0,mifgsm x dog,AttackDRO++,AttackDROpp,73,/content/drive/MyDrive/ardg_project/FINAL/attackdro++/attackdro_pp_anchor035_gradfp_online_k4_seed73_best.pt
mifgsm,6,frog,496,1000,0.496,49.6,mifgsm x frog,AttackDRO++,AttackDROpp,73,/content/drive/MyDrive/ardg_project/FINAL/attackdro++/attackdro_pp_anchor035_gradfp_online_k4_seed73_best.pt
mifgsm,7,horse,598,1000,0.598,59.8,mifgsm x horse,AttackDRO++,AttackDROpp,73,/content/drive/MyDrive/ardg_project/FINAL/attackdro++/attackdro_pp_anchor035_gradfp_online_k4_seed73_best.pt
mifgsm,8,ship,656,1000,0.656,65.60000000000001,mifgsm x ship,AttackDRO++,AttackDROpp,73,/content/drive/MyDrive/ardg_project/FINAL/attackdro++/attackdro_pp_anchor035_gradfp_online_k4_seed73_best.pt
mifgsm,9,truck,617,1000,0.617,61.7,mifgsm x truck,AttackDRO++,AttackDROpp,73,/content/drive/MyDrive/ardg_project/FINAL/attackdro++/attackdro_pp_anchor035_gradfp_online_k4_seed73_best.pt
pgd_l2,0,airplane,753,1000,0.753,75.3,pgd_l2 x airplane,AttackDRO++,AttackDROpp,73,/content/drive/MyDrive/ardg_project/FINAL/attackdro++/attackdro_pp_anchor035_gradfp_online_k4_seed73_best.pt
pgd_l2,1,automobile,864,1000,0.864,86.4,pgd_l2 x automobile,AttackDRO++,AttackDROpp,73,/content/drive/MyDrive/ardg_project/FINAL/attackdro++/attackdro_pp_anchor035_gradfp_online_k4_seed73_best.pt
pgd_l2,2,bird,526,1000,0.526,52.6,pgd_l2 x bird,AttackDRO++,AttackDROpp,73,/content/drive/MyDrive/ardg_project/FINAL/attackdro++/attackdro_pp_anchor035_gradfp_online_k4_seed73_best.pt
pgd_l2,3,cat,403,1000,0.403,40.300000000000004,pgd_l2 x cat,AttackDRO++,AttackDROpp,73,/content/drive/MyDrive/ardg_project/FINAL/attackdro++/attackdro_pp_anchor035_gradfp_online_k4_seed73_best.pt
pgd_l2,4,deer,585,1000,0.585,58.5,pgd_l2 x deer,AttackDRO++,AttackDROpp,73,/content/drive/MyDrive/ardg_project/FINAL/attackdro++/attackdro_pp_anchor035_gradfp_online_k4_seed73_best.pt
pgd_l2,5,dog,572,1000,0.572,57.199999999999996,pgd_l2 x dog,AttackDRO++,AttackDROpp,73,/content/drive/MyDrive/ardg_project/FINAL/attackdro++/attackdro_pp_anchor035_gradfp_online_k4_seed73_best.pt
pgd_l2,6,frog,776,1000,0.776,77.60000000000001,pgd_l2 x frog,AttackDRO++,AttackDROpp,73,/content/drive/MyDrive/ardg_project/FINAL/attackdro++/attackdro_pp_anchor035_gradfp_online_k4_seed73_best.pt
pgd_l2,7,horse,795,1000,0.795,79.5,pgd_l2 x horse,AttackDRO++,AttackDROpp,73,/content/drive/MyDrive/ardg_project/FINAL/attackdro++/attackdro_pp_anchor035_gradfp_online_k4_seed73_best.pt
pgd_l2,8,ship,862,1000,0.862,86.2,pgd_l2 x ship,AttackDRO++,AttackDROpp,73,/content/drive/MyDrive/ardg_project/FINAL/attackdro++/attackdro_pp_anchor035_gradfp_online_k4_seed73_best.pt
pgd_l2,9,truck,817,1000,0.817,81.69999999999999,pgd_l2 x truck,AttackDRO++,AttackDROpp,73,/content/drive/MyDrive/ardg_project/FINAL/attackdro++/attackdro_pp_anchor035_gradfp_online_k4_seed73_best.pt
ddn_l2,0,airplane,726,1000,0.726,72.6,ddn_l2 x airplane,AttackDRO++,AttackDROpp,73,/content/drive/MyDrive/ardg_project/FINAL/attackdro++/attackdro_pp_anchor035_gradfp_online_k4_seed73_best.pt
ddn_l2,1,automobile,847,1000,0.847,84.7,ddn_l2 x automobile,AttackDRO++,AttackDROpp,73,/content/drive/MyDrive/ardg_project/FINAL/attackdro++/attackdro_pp_anchor035_gradfp_online_k4_seed73_best.pt
ddn_l2,2,bird,508,1000,0.508,50.8,ddn_l2 x bird,AttackDRO++,AttackDROpp,73,/content/drive/MyDrive/ardg_project/FINAL/attackdro++/attackdro_pp_anchor035_gradfp_online_k4_seed73_best.pt
ddn_l2,3,cat,370,1000,0.37,37.0,ddn_l2 x cat,AttackDRO++,AttackDROpp,73,/content/drive/MyDrive/ardg_project/FINAL/attackdro++/attackdro_pp_anchor035_gradfp_online_k4_seed73_best.pt
ddn_l2,4,deer,546,1000,0.546,54.6,ddn_l2 x deer,AttackDRO++,AttackDROpp,73,/content/drive/MyDrive/ardg_project/FINAL/attackdro++/attackdro_pp_anchor035_gradfp_online_k4_seed73_best.pt
ddn_l2,5,dog,549,1000,0.549,54.900000000000006,ddn_l2 x dog,AttackDRO++,AttackDROpp,73,/content/drive/MyDrive/ardg_project/FINAL/attackdro++/attackdro_pp_anchor035_gradfp_online_k4_seed73_best.pt
ddn_l2,6,frog,759,1000,0.759,75.9,ddn_l2 x frog,AttackDRO++,AttackDROpp,73,/content/drive/MyDrive/ardg_project/FINAL/attackdro++/attackdro_pp_anchor035_gradfp_online_k4_seed73_best.pt
ddn_l2,7,horse,779,1000,0.779,77.9,ddn_l2 x horse,AttackDRO++,AttackDROpp,73,/content/drive/MyDrive/ardg_project/FINAL/attackdro++/attackdro_pp_anchor035_gradfp_online_k4_seed73_best.pt
ddn_l2,8,ship,834,1000,0.834,83.39999999999999,ddn_l2 x ship,AttackDRO++,AttackDROpp,73,/content/drive/MyDrive/ardg_project/FINAL/attackdro++/attackdro_pp_anchor035_gradfp_online_k4_seed73_best.pt
ddn_l2,9,truck,792,1000,0.792,79.2,ddn_l2 x truck,AttackDRO++,AttackDROpp,73,/content/drive/MyDrive/ardg_project/FINAL/attackdro++/attackdro_pp_anchor035_gradfp_online_k4_seed73_best.pt
deepfool_l2,0,airplane,742,1000,0.742,74.2,deepfool_l2 x airplane,AttackDRO++,AttackDROpp,73,/content/drive/MyDrive/ardg_project/FINAL/attackdro++/attackdro_pp_anchor035_gradfp_online_k4_seed73_best.pt
deepfool_l2,1,automobile,854,1000,0.854,85.39999999999999,deepfool_l2 x automobile,AttackDRO++,AttackDROpp,73,/content/drive/MyDrive/ardg_project/FINAL/attackdro++/attackdro_pp_anchor035_gradfp_online_k4_seed73_best.pt
deepfool_l2,2,bird,512,1000,0.512,51.2,deepfool_l2 x bird,AttackDRO++,AttackDROpp,73,/content/drive/MyDrive/ardg_project/FINAL/attackdro++/attackdro_pp_anchor035_gradfp_online_k4_seed73_best.pt
deepfool_l2,3,cat,370,1000,0.37,37.0,deepfool_l2 x cat,AttackDRO++,AttackDROpp,73,/content/drive/MyDrive/ardg_project/FINAL/attackdro++/attackdro_pp_anchor035_gradfp_online_k4_seed73_best.pt
deepfool_l2,4,deer,540,1000,0.54,54.0,deepfool_l2 x deer,AttackDRO++,AttackDROpp,73,/content/drive/MyDrive/ardg_project/FINAL/attackdro++/attackdro_pp_anchor035_gradfp_online_k4_seed73_best.pt
deepfool_l2,5,dog,550,1000,0.55,55.00000000000001,deepfool_l2 x dog,AttackDRO++,AttackDROpp,73,/content/drive/MyDrive/ardg_project/FINAL/attackdro++/attackdro_pp_anchor035_gradfp_online_k4_seed73_best.pt
deepfool_l2,6,frog,764,1000,0.764,76.4,deepfool_l2 x frog,AttackDRO++,AttackDROpp,73,/content/drive/MyDrive/ardg_project/FINAL/attackdro++/attackdro_pp_anchor035_gradfp_online_k4_seed73_best.pt
deepfool_l2,7,horse,785,1000,0.785,78.5,deepfool_l2 x horse,AttackDRO++,AttackDROpp,73,/content/drive/MyDrive/ardg_project/FINAL/attackdro++/attackdro_pp_anchor035_gradfp_online_k4_seed73_best.pt
deepfool_l2,8,ship,846,1000,0.846,84.6,deepfool_l2 x ship,AttackDRO++,AttackDROpp,73,/content/drive/MyDrive/ardg_project/FINAL/attackdro++/attackdro_pp_anchor035_gradfp_online_k4_seed73_best.pt
deepfool_l2,9,truck,804,1000,0.804,80.4,deepfool_l2 x truck,AttackDRO++,AttackDROpp,73,/content/drive/MyDrive/ardg_project/FINAL/attackdro++/attackdro_pp_anchor035_gradfp_online_k4_seed73_best.pt
cw_l2,0,airplane,748,1000,0.748,74.8,cw_l2 x airplane,AttackDRO++,AttackDROpp,73,/content/drive/MyDrive/ardg_project/FINAL/attackdro++/attackdro_pp_anchor035_gradfp_online_k4_seed73_best.pt
cw_l2,1,automobile,861,1000,0.861,86.1,cw_l2 x automobile,AttackDRO++,AttackDROpp,73,/content/drive/MyDrive/ardg_project/FINAL/attackdro++/attackdro_pp_anchor035_gradfp_online_k4_seed73_best.pt
cw_l2,2,bird,505,1000,0.505,50.5,cw_l2 x bird,AttackDRO++,AttackDROpp,73,/content/drive/MyDrive/ardg_project/FINAL/attackdro++/attackdro_pp_anchor035_gradfp_online_k4_seed73_best.pt
cw_l2,3,cat,355,1000,0.355,35.5,cw_l2 x cat,AttackDRO++,AttackDROpp,73,/content/drive/MyDrive/ardg_project/FINAL/attackdro++/attackdro_pp_anchor035_gradfp_online_k4_seed73_best.pt
cw_l2,4,deer,537,1000,0.537,53.7,cw_l2 x deer,AttackDRO++,AttackDROpp,73,/content/drive/MyDrive/ardg_project/FINAL/attackdro++/attackdro_pp_anchor035_gradfp_online_k4_seed73_best.pt
cw_l2,5,dog,546,1000,0.546,54.6,cw_l2 x dog,AttackDRO++,AttackDROpp,73,/content/drive/MyDrive/ardg_project/FINAL/attackdro++/attackdro_pp_anchor035_gradfp_online_k4_seed73_best.pt
cw_l2,6,frog,762,1000,0.762,76.2,cw_l2 x frog,AttackDRO++,AttackDROpp,73,/content/drive/MyDrive/ardg_project/FINAL/attackdro++/attackdro_pp_anchor035_gradfp_online_k4_seed73_best.pt
cw_l2,7,horse,784,1000,0.784,78.4,cw_l2 x horse,AttackDRO++,AttackDROpp,73,/content/drive/MyDrive/ardg_project/FINAL/attackdro++/attackdro_pp_anchor035_gradfp_online_k4_seed73_best.pt
cw_l2,8,ship,853,1000,0.853,85.3,cw_l2 x ship,AttackDRO++,AttackDROpp,73,/content/drive/MyDrive/ardg_project/FINAL/attackdro++/attackdro_pp_anchor035_gradfp_online_k4_seed73_best.pt
cw_l2,9,truck,812,1000,0.812,81.2,cw_l2 x truck,AttackDRO++,AttackDROpp,73,/content/drive/MyDrive/ardg_project/FINAL/attackdro++/attackdro_pp_anchor035_gradfp_online_k4_seed73_best.pt
fgsm_rs,0,airplane,753,1000,0.753,75.3,fgsm_rs x airplane,AttackDRO++,AttackDROpp,202,/content/drive/MyDrive/ardg_project/FINAL/attackdro++/attackdro_pp_anchor035_gradfp_online_k4_seed202_best.pt
fgsm_rs,1,automobile,855,1000,0.855,85.5,fgsm_rs x automobile,AttackDRO++,AttackDROpp,202,/content/drive/MyDrive/ardg_project/FINAL/attackdro++/attackdro_pp_anchor035_gradfp_online_k4_seed202_best.pt
fgsm_rs,2,bird,544,1000,0.544,54.400000000000006,fgsm_rs x bird,AttackDRO++,AttackDROpp,202,/content/drive/MyDrive/ardg_project/FINAL/attackdro++/attackdro_pp_anchor035_gradfp_online_k4_seed202_best.pt
fgsm_rs,3,cat,390,1000,0.39,39.0,fgsm_rs x cat,AttackDRO++,AttackDROpp,202,/content/drive/MyDrive/ardg_project/FINAL/attackdro++/attackdro_pp_anchor035_gradfp_online_k4_seed202_best.pt
fgsm_rs,4,deer,566,1000,0.566,56.599999999999994,fgsm_rs x deer,AttackDRO++,AttackDROpp,202,/content/drive/MyDrive/ardg_project/FINAL/attackdro++/attackdro_pp_anchor035_gradfp_online_k4_seed202_best.pt
fgsm_rs,5,dog,566,1000,0.566,56.599999999999994,fgsm_rs x dog,AttackDRO++,AttackDROpp,202,/content/drive/MyDrive/ardg_project/FINAL/attackdro++/attackdro_pp_anchor035_gradfp_online_k4_seed202_best.pt
fgsm_rs,6,frog,770,1000,0.77,77.0,fgsm_rs x frog,AttackDRO++,AttackDROpp,202,/content/drive/MyDrive/ardg_project/FINAL/attackdro++/attackdro_pp_anchor035_gradfp_online_k4_seed202_best.pt
fgsm_rs,7,horse,774,1000,0.774,77.4,fgsm_rs x horse,AttackDRO++,AttackDROpp,202,/content/drive/MyDrive/ardg_project/FINAL/attackdro++/attackdro_pp_anchor035_gradfp_online_k4_seed202_best.pt
fgsm_rs,8,ship,854,1000,0.854,85.39999999999999,fgsm_rs x ship,AttackDRO++,AttackDROpp,202,/content/drive/MyDrive/ardg_project/FINAL/attackdro++/attackdro_pp_anchor035_gradfp_online_k4_seed202_best.pt
fgsm_rs,9,truck,818,1000,0.818,81.8,fgsm_rs x truck,AttackDRO++,AttackDROpp,202,/content/drive/MyDrive/ardg_project/FINAL/attackdro++/attackdro_pp_anchor035_gradfp_online_k4_seed202_best.pt
pgd20_ce,0,airplane,523,1000,0.523,52.300000000000004,pgd20_ce x airplane,AttackDRO++,AttackDROpp,202,/content/drive/MyDrive/ardg_project/FINAL/attackdro++/attackdro_pp_anchor035_gradfp_online_k4_seed202_best.pt
pgd20_ce,1,automobile,681,1000,0.681,68.10000000000001,pgd20_ce x automobile,AttackDRO++,AttackDROpp,202,/content/drive/MyDrive/ardg_project/FINAL/attackdro++/attackdro_pp_anchor035_gradfp_online_k4_seed202_best.pt
pgd20_ce,2,bird,296,1000,0.296,29.599999999999998,pgd20_ce x bird,AttackDRO++,AttackDROpp,202,/content/drive/MyDrive/ardg_project/FINAL/attackdro++/attackdro_pp_anchor035_gradfp_online_k4_seed202_best.pt
pgd20_ce,3,cat,151,1000,0.151,15.1,pgd20_ce x cat,AttackDRO++,AttackDROpp,202,/content/drive/MyDrive/ardg_project/FINAL/attackdro++/attackdro_pp_anchor035_gradfp_online_k4_seed202_best.pt
pgd20_ce,4,deer,245,1000,0.245,24.5,pgd20_ce x deer,AttackDRO++,AttackDROpp,202,/content/drive/MyDrive/ardg_project/FINAL/attackdro++/attackdro_pp_anchor035_gradfp_online_k4_seed202_best.pt
pgd20_ce,5,dog,355,1000,0.355,35.5,pgd20_ce x dog,AttackDRO++,AttackDROpp,202,/content/drive/MyDrive/ardg_project/FINAL/attackdro++/attackdro_pp_anchor035_gradfp_online_k4_seed202_best.pt
pgd20_ce,6,frog,471,1000,0.471,47.099999999999994,pgd20_ce x frog,AttackDRO++,AttackDROpp,202,/content/drive/MyDrive/ardg_project/FINAL/attackdro++/attackdro_pp_anchor035_gradfp_online_k4_seed202_best.pt
pgd20_ce,7,horse,579,1000,0.579,57.9,pgd20_ce x horse,AttackDRO++,AttackDROpp,202,/content/drive/MyDrive/ardg_project/FINAL/attackdro++/attackdro_pp_anchor035_gradfp_online_k4_seed202_best.pt
pgd20_ce,8,ship,619,1000,0.619,61.9,pgd20_ce x ship,AttackDRO++,AttackDROpp,202,/content/drive/MyDrive/ardg_project/FINAL/attackdro++/attackdro_pp_anchor035_gradfp_online_k4_seed202_best.pt
pgd20_ce,9,truck,584,1000,0.584,58.4,pgd20_ce x truck,AttackDRO++,AttackDROpp,202,/content/drive/MyDrive/ardg_project/FINAL/attackdro++/attackdro_pp_anchor035_gradfp_online_k4_seed202_best.pt
tpgd,0,airplane,731,1000,0.731,73.1,tpgd x airplane,AttackDRO++,AttackDROpp,202,/content/drive/MyDrive/ardg_project/FINAL/attackdro++/attackdro_pp_anchor035_gradfp_online_k4_seed202_best.pt
tpgd,1,automobile,841,1000,0.841,84.1,tpgd x automobile,AttackDRO++,AttackDROpp,202,/content/drive/MyDrive/ardg_project/FINAL/attackdro++/attackdro_pp_anchor035_gradfp_online_k4_seed202_best.pt
tpgd,2,bird,553,1000,0.553,55.300000000000004,tpgd x bird,AttackDRO++,AttackDROpp,202,/content/drive/MyDrive/ardg_project/FINAL/attackdro++/attackdro_pp_anchor035_gradfp_online_k4_seed202_best.pt
tpgd,3,cat,392,1000,0.392,39.2,tpgd x cat,AttackDRO++,AttackDROpp,202,/content/drive/MyDrive/ardg_project/FINAL/attackdro++/attackdro_pp_anchor035_gradfp_online_k4_seed202_best.pt
tpgd,4,deer,526,1000,0.526,52.6,tpgd x deer,AttackDRO++,AttackDROpp,202,/content/drive/MyDrive/ardg_project/FINAL/attackdro++/attackdro_pp_anchor035_gradfp_online_k4_seed202_best.pt
tpgd,5,dog,590,1000,0.59,59.0,tpgd x dog,AttackDRO++,AttackDROpp,202,/content/drive/MyDrive/ardg_project/FINAL/attackdro++/attackdro_pp_anchor035_gradfp_online_k4_seed202_best.pt
tpgd,6,frog,715,1000,0.715,71.5,tpgd x frog,AttackDRO++,AttackDROpp,202,/content/drive/MyDrive/ardg_project/FINAL/attackdro++/attackdro_pp_anchor035_gradfp_online_k4_seed202_best.pt
tpgd,7,horse,746,1000,0.746,74.6,tpgd x horse,AttackDRO++,AttackDROpp,202,/content/drive/MyDrive/ardg_project/FINAL/attackdro++/attackdro_pp_anchor035_gradfp_online_k4_seed202_best.pt
tpgd,8,ship,815,1000,0.815,81.5,tpgd x ship,AttackDRO++,AttackDROpp,202,/content/drive/MyDrive/ardg_project/FINAL/attackdro++/attackdro_pp_anchor035_gradfp_online_k4_seed202_best.pt
tpgd,9,truck,763,1000,0.763,76.3,tpgd x truck,AttackDRO++,AttackDROpp,202,/content/drive/MyDrive/ardg_project/FINAL/attackdro++/attackdro_pp_anchor035_gradfp_online_k4_seed202_best.pt
mifgsm,0,airplane,547,1000,0.547,54.7,mifgsm x airplane,AttackDRO++,AttackDROpp,202,/content/drive/MyDrive/ardg_project/FINAL/attackdro++/attackdro_pp_anchor035_gradfp_online_k4_seed202_best.pt
mifgsm,1,automobile,700,1000,0.7,70.0,mifgsm x automobile,AttackDRO++,AttackDROpp,202,/content/drive/MyDrive/ardg_project/FINAL/attackdro++/attackdro_pp_anchor035_gradfp_online_k4_seed202_best.pt
mifgsm,2,bird,318,1000,0.318,31.8,mifgsm x bird,AttackDRO++,AttackDROpp,202,/content/drive/MyDrive/ardg_project/FINAL/attackdro++/attackdro_pp_anchor035_gradfp_online_k4_seed202_best.pt
mifgsm,3,cat,173,1000,0.173,17.299999999999997,mifgsm x cat,AttackDRO++,AttackDROpp,202,/content/drive/MyDrive/ardg_project/FINAL/attackdro++/attackdro_pp_anchor035_gradfp_online_k4_seed202_best.pt
mifgsm,4,deer,281,1000,0.281,28.1,mifgsm x deer,AttackDRO++,AttackDROpp,202,/content/drive/MyDrive/ardg_project/FINAL/attackdro++/attackdro_pp_anchor035_gradfp_online_k4_seed202_best.pt
mifgsm,5,dog,367,1000,0.367,36.7,mifgsm x dog,AttackDRO++,AttackDROpp,202,/content/drive/MyDrive/ardg_project/FINAL/attackdro++/attackdro_pp_anchor035_gradfp_online_k4_seed202_best.pt
mifgsm,6,frog,501,1000,0.501,50.1,mifgsm x frog,AttackDRO++,AttackDROpp,202,/content/drive/MyDrive/ardg_project/FINAL/attackdro++/attackdro_pp_anchor035_gradfp_online_k4_seed202_best.pt
mifgsm,7,horse,599,1000,0.599,59.9,mifgsm x horse,AttackDRO++,AttackDROpp,202,/content/drive/MyDrive/ardg_project/FINAL/attackdro++/attackdro_pp_anchor035_gradfp_online_k4_seed202_best.pt
mifgsm,8,ship,642,1000,0.642,64.2,mifgsm x ship,AttackDRO++,AttackDROpp,202,/content/drive/MyDrive/ardg_project/FINAL/attackdro++/attackdro_pp_anchor035_gradfp_online_k4_seed202_best.pt
mifgsm,9,truck,614,1000,0.614,61.4,mifgsm x truck,AttackDRO++,AttackDROpp,202,/content/drive/MyDrive/ardg_project/FINAL/attackdro++/attackdro_pp_anchor035_gradfp_online_k4_seed202_best.pt
pgd_l2,0,airplane,743,1000,0.743,74.3,pgd_l2 x airplane,AttackDRO++,AttackDROpp,202,/content/drive/MyDrive/ardg_project/FINAL/attackdro++/attackdro_pp_anchor035_gradfp_online_k4_seed202_best.pt
pgd_l2,1,automobile,858,1000,0.858,85.8,pgd_l2 x automobile,AttackDRO++,AttackDROpp,202,/content/drive/MyDrive/ardg_project/FINAL/attackdro++/attackdro_pp_anchor035_gradfp_online_k4_seed202_best.pt
pgd_l2,2,bird,558,1000,0.558,55.800000000000004,pgd_l2 x bird,AttackDRO++,AttackDROpp,202,/content/drive/MyDrive/ardg_project/FINAL/attackdro++/attackdro_pp_anchor035_gradfp_online_k4_seed202_best.pt
pgd_l2,3,cat,414,1000,0.414,41.4,pgd_l2 x cat,AttackDRO++,AttackDROpp,202,/content/drive/MyDrive/ardg_project/FINAL/attackdro++/attackdro_pp_anchor035_gradfp_online_k4_seed202_best.pt
pgd_l2,4,deer,591,1000,0.591,59.099999999999994,pgd_l2 x deer,AttackDRO++,AttackDROpp,202,/content/drive/MyDrive/ardg_project/FINAL/attackdro++/attackdro_pp_anchor035_gradfp_online_k4_seed202_best.pt
pgd_l2,5,dog,577,1000,0.577,57.699999999999996,pgd_l2 x dog,AttackDRO++,AttackDROpp,202,/content/drive/MyDrive/ardg_project/FINAL/attackdro++/attackdro_pp_anchor035_gradfp_online_k4_seed202_best.pt
pgd_l2,6,frog,776,1000,0.776,77.60000000000001,pgd_l2 x frog,AttackDRO++,AttackDROpp,202,/content/drive/MyDrive/ardg_project/FINAL/attackdro++/attackdro_pp_anchor035_gradfp_online_k4_seed202_best.pt
pgd_l2,7,horse,784,1000,0.784,78.4,pgd_l2 x horse,AttackDRO++,AttackDROpp,202,/content/drive/MyDrive/ardg_project/FINAL/attackdro++/attackdro_pp_anchor035_gradfp_online_k4_seed202_best.pt
pgd_l2,8,ship,861,1000,0.861,86.1,pgd_l2 x ship,AttackDRO++,AttackDROpp,202,/content/drive/MyDrive/ardg_project/FINAL/attackdro++/attackdro_pp_anchor035_gradfp_online_k4_seed202_best.pt
pgd_l2,9,truck,820,1000,0.82,82.0,pgd_l2 x truck,AttackDRO++,AttackDROpp,202,/content/drive/MyDrive/ardg_project/FINAL/attackdro++/attackdro_pp_anchor035_gradfp_online_k4_seed202_best.pt
ddn_l2,0,airplane,718,1000,0.718,71.8,ddn_l2 x airplane,AttackDRO++,AttackDROpp,202,/content/drive/MyDrive/ardg_project/FINAL/attackdro++/attackdro_pp_anchor035_gradfp_online_k4_seed202_best.pt
ddn_l2,1,automobile,848,1000,0.848,84.8,ddn_l2 x automobile,AttackDRO++,AttackDROpp,202,/content/drive/MyDrive/ardg_project/FINAL/attackdro++/attackdro_pp_anchor035_gradfp_online_k4_seed202_best.pt
ddn_l2,2,bird,531,1000,0.531,53.1,ddn_l2 x bird,AttackDRO++,AttackDROpp,202,/content/drive/MyDrive/ardg_project/FINAL/attackdro++/attackdro_pp_anchor035_gradfp_online_k4_seed202_best.pt
ddn_l2,3,cat,371,1000,0.371,37.1,ddn_l2 x cat,AttackDRO++,AttackDROpp,202,/content/drive/MyDrive/ardg_project/FINAL/attackdro++/attackdro_pp_anchor035_gradfp_online_k4_seed202_best.pt
ddn_l2,4,deer,540,1000,0.54,54.0,ddn_l2 x deer,AttackDRO++,AttackDROpp,202,/content/drive/MyDrive/ardg_project/FINAL/attackdro++/attackdro_pp_anchor035_gradfp_online_k4_seed202_best.pt
ddn_l2,5,dog,547,1000,0.547,54.7,ddn_l2 x dog,AttackDRO++,AttackDROpp,202,/content/drive/MyDrive/ardg_project/FINAL/attackdro++/attackdro_pp_anchor035_gradfp_online_k4_seed202_best.pt
ddn_l2,6,frog,748,1000,0.748,74.8,ddn_l2 x frog,AttackDRO++,AttackDROpp,202,/content/drive/MyDrive/ardg_project/FINAL/attackdro++/attackdro_pp_anchor035_gradfp_online_k4_seed202_best.pt
ddn_l2,7,horse,770,1000,0.77,77.0,ddn_l2 x horse,AttackDRO++,AttackDROpp,202,/content/drive/MyDrive/ardg_project/FINAL/attackdro++/attackdro_pp_anchor035_gradfp_online_k4_seed202_best.pt
ddn_l2,8,ship,838,1000,0.838,83.8,ddn_l2 x ship,AttackDRO++,AttackDROpp,202,/content/drive/MyDrive/ardg_project/FINAL/attackdro++/attackdro_pp_anchor035_gradfp_online_k4_seed202_best.pt
ddn_l2,9,truck,804,1000,0.804,80.4,ddn_l2 x truck,AttackDRO++,AttackDROpp,202,/content/drive/MyDrive/ardg_project/FINAL/attackdro++/attackdro_pp_anchor035_gradfp_online_k4_seed202_best.pt
deepfool_l2,0,airplane,736,1000,0.736,73.6,deepfool_l2 x airplane,AttackDRO++,AttackDROpp,202,/content/drive/MyDrive/ardg_project/FINAL/attackdro++/attackdro_pp_anchor035_gradfp_online_k4_seed202_best.pt
deepfool_l2,1,automobile,854,1000,0.854,85.39999999999999,deepfool_l2 x automobile,AttackDRO++,AttackDROpp,202,/content/drive/MyDrive/ardg_project/FINAL/attackdro++/attackdro_pp_anchor035_gradfp_online_k4_seed202_best.pt
deepfool_l2,2,bird,547,1000,0.547,54.7,deepfool_l2 x bird,AttackDRO++,AttackDROpp,202,/content/drive/MyDrive/ardg_project/FINAL/attackdro++/attackdro_pp_anchor035_gradfp_online_k4_seed202_best.pt
deepfool_l2,3,cat,367,1000,0.367,36.7,deepfool_l2 x cat,AttackDRO++,AttackDROpp,202,/content/drive/MyDrive/ardg_project/FINAL/attackdro++/attackdro_pp_anchor035_gradfp_online_k4_seed202_best.pt
deepfool_l2,4,deer,554,1000,0.554,55.400000000000006,deepfool_l2 x deer,AttackDRO++,AttackDROpp,202,/content/drive/MyDrive/ardg_project/FINAL/attackdro++/attackdro_pp_anchor035_gradfp_online_k4_seed202_best.pt
deepfool_l2,5,dog,552,1000,0.552,55.2,deepfool_l2 x dog,AttackDRO++,AttackDROpp,202,/content/drive/MyDrive/ardg_project/FINAL/attackdro++/attackdro_pp_anchor035_gradfp_online_k4_seed202_best.pt
deepfool_l2,6,frog,744,1000,0.744,74.4,deepfool_l2 x frog,AttackDRO++,AttackDROpp,202,/content/drive/MyDrive/ardg_project/FINAL/attackdro++/attackdro_pp_anchor035_gradfp_online_k4_seed202_best.pt
deepfool_l2,7,horse,777,1000,0.777,77.7,deepfool_l2 x horse,AttackDRO++,AttackDROpp,202,/content/drive/MyDrive/ardg_project/FINAL/attackdro++/attackdro_pp_anchor035_gradfp_online_k4_seed202_best.pt
deepfool_l2,8,ship,845,1000,0.845,84.5,deepfool_l2 x ship,AttackDRO++,AttackDROpp,202,/content/drive/MyDrive/ardg_project/FINAL/attackdro++/attackdro_pp_anchor035_gradfp_online_k4_seed202_best.pt
deepfool_l2,9,truck,815,1000,0.815,81.5,deepfool_l2 x truck,AttackDRO++,AttackDROpp,202,/content/drive/MyDrive/ardg_project/FINAL/attackdro++/attackdro_pp_anchor035_gradfp_online_k4_seed202_best.pt
cw_l2,0,airplane,738,1000,0.738,73.8,cw_l2 x airplane,AttackDRO++,AttackDROpp,202,/content/drive/MyDrive/ardg_project/FINAL/attackdro++/attackdro_pp_anchor035_gradfp_online_k4_seed202_best.pt
cw_l2,1,automobile,857,1000,0.857,85.7,cw_l2 x automobile,AttackDRO++,AttackDROpp,202,/content/drive/MyDrive/ardg_project/FINAL/attackdro++/attackdro_pp_anchor035_gradfp_online_k4_seed202_best.pt
cw_l2,2,bird,530,1000,0.53,53.0,cw_l2 x bird,AttackDRO++,AttackDROpp,202,/content/drive/MyDrive/ardg_project/FINAL/attackdro++/attackdro_pp_anchor035_gradfp_online_k4_seed202_best.pt
cw_l2,3,cat,355,1000,0.355,35.5,cw_l2 x cat,AttackDRO++,AttackDROpp,202,/content/drive/MyDrive/ardg_project/FINAL/attackdro++/attackdro_pp_anchor035_gradfp_online_k4_seed202_best.pt
cw_l2,4,deer,542,1000,0.542,54.2,cw_l2 x deer,AttackDRO++,AttackDROpp,202,/content/drive/MyDrive/ardg_project/FINAL/attackdro++/attackdro_pp_anchor035_gradfp_online_k4_seed202_best.pt
cw_l2,5,dog,553,1000,0.553,55.300000000000004,cw_l2 x dog,AttackDRO++,AttackDROpp,202,/content/drive/MyDrive/ardg_project/FINAL/attackdro++/attackdro_pp_anchor035_gradfp_online_k4_seed202_best.pt
cw_l2,6,frog,748,1000,0.748,74.8,cw_l2 x frog,AttackDRO++,AttackDROpp,202,/content/drive/MyDrive/ardg_project/FINAL/attackdro++/attackdro_pp_anchor035_gradfp_online_k4_seed202_best.pt
cw_l2,7,horse,780,1000,0.78,78.0,cw_l2 x horse,AttackDRO++,AttackDROpp,202,/content/drive/MyDrive/ardg_project/FINAL/attackdro++/attackdro_pp_anchor035_gradfp_online_k4_seed202_best.pt
cw_l2,8,ship,853,1000,0.853,85.3,cw_l2 x ship,AttackDRO++,AttackDROpp,202,/content/drive/MyDrive/ardg_project/FINAL/attackdro++/attackdro_pp_anchor035_gradfp_online_k4_seed202_best.pt
cw_l2,9,truck,820,1000,0.82,82.0,cw_l2 x truck,AttackDRO++,AttackDROpp,202,/content/drive/MyDrive/ardg_project/FINAL/attackdro++/attackdro_pp_anchor035_gradfp_online_k4_seed202_best.pt
fgsm_rs,0,airplane,770,1000,0.77,77.0,fgsm_rs x airplane,AttackDRO++,AttackDROpp,1337,/content/drive/MyDrive/ardg_project/FINAL/attackdro++/attackdro_pp_anchor035_gradfp_online_k4_seed1337_best.pt
fgsm_rs,1,automobile,858,1000,0.858,85.8,fgsm_rs x automobile,AttackDRO++,AttackDROpp,1337,/content/drive/MyDrive/ardg_project/FINAL/attackdro++/attackdro_pp_anchor035_gradfp_online_k4_seed1337_best.pt
fgsm_rs,2,bird,531,1000,0.531,53.1,fgsm_rs x bird,AttackDRO++,AttackDROpp,1337,/content/drive/MyDrive/ardg_project/FINAL/attackdro++/attackdro_pp_anchor035_gradfp_online_k4_seed1337_best.pt
fgsm_rs,3,cat,410,1000,0.41,41.0,fgsm_rs x cat,AttackDRO++,AttackDROpp,1337,/content/drive/MyDrive/ardg_project/FINAL/attackdro++/attackdro_pp_anchor035_gradfp_online_k4_seed1337_best.pt
fgsm_rs,4,deer,576,1000,0.576,57.599999999999994,fgsm_rs x deer,AttackDRO++,AttackDROpp,1337,/content/drive/MyDrive/ardg_project/FINAL/attackdro++/attackdro_pp_anchor035_gradfp_online_k4_seed1337_best.pt
fgsm_rs,5,dog,560,1000,0.56,56.00000000000001,fgsm_rs x dog,AttackDRO++,AttackDROpp,1337,/content/drive/MyDrive/ardg_project/FINAL/attackdro++/attackdro_pp_anchor035_gradfp_online_k4_seed1337_best.pt
fgsm_rs,6,frog,770,1000,0.77,77.0,fgsm_rs x frog,AttackDRO++,AttackDROpp,1337,/content/drive/MyDrive/ardg_project/FINAL/attackdro++/attackdro_pp_anchor035_gradfp_online_k4_seed1337_best.pt
fgsm_rs,7,horse,769,1000,0.769,76.9,fgsm_rs x horse,AttackDRO++,AttackDROpp,1337,/content/drive/MyDrive/ardg_project/FINAL/attackdro++/attackdro_pp_anchor035_gradfp_online_k4_seed1337_best.pt
fgsm_rs,8,ship,862,1000,0.862,86.2,fgsm_rs x ship,AttackDRO++,AttackDROpp,1337,/content/drive/MyDrive/ardg_project/FINAL/attackdro++/attackdro_pp_anchor035_gradfp_online_k4_seed1337_best.pt
fgsm_rs,9,truck,819,1000,0.819,81.89999999999999,fgsm_rs x truck,AttackDRO++,AttackDROpp,1337,/content/drive/MyDrive/ardg_project/FINAL/attackdro++/attackdro_pp_anchor035_gradfp_online_k4_seed1337_best.pt
pgd20_ce,0,airplane,567,1000,0.567,56.699999999999996,pgd20_ce x airplane,AttackDRO++,AttackDROpp,1337,/content/drive/MyDrive/ardg_project/FINAL/attackdro++/attackdro_pp_anchor035_gradfp_online_k4_seed1337_best.pt
pgd20_ce,1,automobile,668,1000,0.668,66.8,pgd20_ce x automobile,AttackDRO++,AttackDROpp,1337,/content/drive/MyDrive/ardg_project/FINAL/attackdro++/attackdro_pp_anchor035_gradfp_online_k4_seed1337_best.pt
pgd20_ce,2,bird,289,1000,0.289,28.9,pgd20_ce x bird,AttackDRO++,AttackDROpp,1337,/content/drive/MyDrive/ardg_project/FINAL/attackdro++/attackdro_pp_anchor035_gradfp_online_k4_seed1337_best.pt
pgd20_ce,3,cat,167,1000,0.167,16.7,pgd20_ce x cat,AttackDRO++,AttackDROpp,1337,/content/drive/MyDrive/ardg_project/FINAL/attackdro++/attackdro_pp_anchor035_gradfp_online_k4_seed1337_best.pt
pgd20_ce,4,deer,240,1000,0.24,24.0,pgd20_ce x deer,AttackDRO++,AttackDROpp,1337,/content/drive/MyDrive/ardg_project/FINAL/attackdro++/attackdro_pp_anchor035_gradfp_online_k4_seed1337_best.pt
pgd20_ce,5,dog,348,1000,0.348,34.8,pgd20_ce x dog,AttackDRO++,AttackDROpp,1337,/content/drive/MyDrive/ardg_project/FINAL/attackdro++/attackdro_pp_anchor035_gradfp_online_k4_seed1337_best.pt
pgd20_ce,6,frog,466,1000,0.466,46.6,pgd20_ce x frog,AttackDRO++,AttackDROpp,1337,/content/drive/MyDrive/ardg_project/FINAL/attackdro++/attackdro_pp_anchor035_gradfp_online_k4_seed1337_best.pt
pgd20_ce,7,horse,570,1000,0.57,56.99999999999999,pgd20_ce x horse,AttackDRO++,AttackDROpp,1337,/content/drive/MyDrive/ardg_project/FINAL/attackdro++/attackdro_pp_anchor035_gradfp_online_k4_seed1337_best.pt
pgd20_ce,8,ship,613,1000,0.613,61.3,pgd20_ce x ship,AttackDRO++,AttackDROpp,1337,/content/drive/MyDrive/ardg_project/FINAL/attackdro++/attackdro_pp_anchor035_gradfp_online_k4_seed1337_best.pt
pgd20_ce,9,truck,580,1000,0.58,57.99999999999999,pgd20_ce x truck,AttackDRO++,AttackDROpp,1337,/content/drive/MyDrive/ardg_project/FINAL/attackdro++/attackdro_pp_anchor035_gradfp_online_k4_seed1337_best.pt
tpgd,0,airplane,753,1000,0.753,75.3,tpgd x airplane,AttackDRO++,AttackDROpp,1337,/content/drive/MyDrive/ardg_project/FINAL/attackdro++/attackdro_pp_anchor035_gradfp_online_k4_seed1337_best.pt
tpgd,1,automobile,832,1000,0.832,83.2,tpgd x automobile,AttackDRO++,AttackDROpp,1337,/content/drive/MyDrive/ardg_project/FINAL/attackdro++/attackdro_pp_anchor035_gradfp_online_k4_seed1337_best.pt
tpgd,2,bird,561,1000,0.561,56.10000000000001,tpgd x bird,AttackDRO++,AttackDROpp,1337,/content/drive/MyDrive/ardg_project/FINAL/attackdro++/attackdro_pp_anchor035_gradfp_online_k4_seed1337_best.pt
tpgd,3,cat,402,1000,0.402,40.2,tpgd x cat,AttackDRO++,AttackDROpp,1337,/content/drive/MyDrive/ardg_project/FINAL/attackdro++/attackdro_pp_anchor035_gradfp_online_k4_seed1337_best.pt
tpgd,4,deer,534,1000,0.534,53.400000000000006,tpgd x deer,AttackDRO++,AttackDROpp,1337,/content/drive/MyDrive/ardg_project/FINAL/attackdro++/attackdro_pp_anchor035_gradfp_online_k4_seed1337_best.pt
tpgd,5,dog,566,1000,0.566,56.599999999999994,tpgd x dog,AttackDRO++,AttackDROpp,1337,/content/drive/MyDrive/ardg_project/FINAL/attackdro++/attackdro_pp_anchor035_gradfp_online_k4_seed1337_best.pt
tpgd,6,frog,718,1000,0.718,71.8,tpgd x frog,AttackDRO++,AttackDROpp,1337,/content/drive/MyDrive/ardg_project/FINAL/attackdro++/attackdro_pp_anchor035_gradfp_online_k4_seed1337_best.pt
tpgd,7,horse,760,1000,0.76,76.0,tpgd x horse,AttackDRO++,AttackDROpp,1337,/content/drive/MyDrive/ardg_project/FINAL/attackdro++/attackdro_pp_anchor035_gradfp_online_k4_seed1337_best.pt
tpgd,8,ship,776,1000,0.776,77.60000000000001,tpgd x ship,AttackDRO++,AttackDROpp,1337,/content/drive/MyDrive/ardg_project/FINAL/attackdro++/attackdro_pp_anchor035_gradfp_online_k4_seed1337_best.pt
tpgd,9,truck,757,1000,0.757,75.7,tpgd x truck,AttackDRO++,AttackDROpp,1337,/content/drive/MyDrive/ardg_project/FINAL/attackdro++/attackdro_pp_anchor035_gradfp_online_k4_seed1337_best.pt
mifgsm,0,airplane,584,1000,0.584,58.4,mifgsm x airplane,AttackDRO++,AttackDROpp,1337,/content/drive/MyDrive/ardg_project/FINAL/attackdro++/attackdro_pp_anchor035_gradfp_online_k4_seed1337_best.pt
mifgsm,1,automobile,679,1000,0.679,67.9,mifgsm x automobile,AttackDRO++,AttackDROpp,1337,/content/drive/MyDrive/ardg_project/FINAL/attackdro++/attackdro_pp_anchor035_gradfp_online_k4_seed1337_best.pt
mifgsm,2,bird,311,1000,0.311,31.1,mifgsm x bird,AttackDRO++,AttackDROpp,1337,/content/drive/MyDrive/ardg_project/FINAL/attackdro++/attackdro_pp_anchor035_gradfp_online_k4_seed1337_best.pt
mifgsm,3,cat,192,1000,0.192,19.2,mifgsm x cat,AttackDRO++,AttackDROpp,1337,/content/drive/MyDrive/ardg_project/FINAL/attackdro++/attackdro_pp_anchor035_gradfp_online_k4_seed1337_best.pt
mifgsm,4,deer,274,1000,0.274,27.400000000000002,mifgsm x deer,AttackDRO++,AttackDROpp,1337,/content/drive/MyDrive/ardg_project/FINAL/attackdro++/attackdro_pp_anchor035_gradfp_online_k4_seed1337_best.pt
mifgsm,5,dog,363,1000,0.363,36.3,mifgsm x dog,AttackDRO++,AttackDROpp,1337,/content/drive/MyDrive/ardg_project/FINAL/attackdro++/attackdro_pp_anchor035_gradfp_online_k4_seed1337_best.pt
mifgsm,6,frog,498,1000,0.498,49.8,mifgsm x frog,AttackDRO++,AttackDROpp,1337,/content/drive/MyDrive/ardg_project/FINAL/attackdro++/attackdro_pp_anchor035_gradfp_online_k4_seed1337_best.pt
mifgsm,7,horse,595,1000,0.595,59.5,mifgsm x horse,AttackDRO++,AttackDROpp,1337,/content/drive/MyDrive/ardg_project/FINAL/attackdro++/attackdro_pp_anchor035_gradfp_online_k4_seed1337_best.pt
mifgsm,8,ship,638,1000,0.638,63.800000000000004,mifgsm x ship,AttackDRO++,AttackDROpp,1337,/content/drive/MyDrive/ardg_project/FINAL/attackdro++/attackdro_pp_anchor035_gradfp_online_k4_seed1337_best.pt
mifgsm,9,truck,614,1000,0.614,61.4,mifgsm x truck,AttackDRO++,AttackDROpp,1337,/content/drive/MyDrive/ardg_project/FINAL/attackdro++/attackdro_pp_anchor035_gradfp_online_k4_seed1337_best.pt
pgd_l2,0,airplane,764,1000,0.764,76.4,pgd_l2 x airplane,AttackDRO++,AttackDROpp,1337,/content/drive/MyDrive/ardg_project/FINAL/attackdro++/attackdro_pp_anchor035_gradfp_online_k4_seed1337_best.pt
pgd_l2,1,automobile,858,1000,0.858,85.8,pgd_l2 x automobile,AttackDRO++,AttackDROpp,1337,/content/drive/MyDrive/ardg_project/FINAL/attackdro++/attackdro_pp_anchor035_gradfp_online_k4_seed1337_best.pt
pgd_l2,2,bird,543,1000,0.543,54.300000000000004,pgd_l2 x bird,AttackDRO++,AttackDROpp,1337,/content/drive/MyDrive/ardg_project/FINAL/attackdro++/attackdro_pp_anchor035_gradfp_online_k4_seed1337_best.pt
pgd_l2,3,cat,417,1000,0.417,41.699999999999996,pgd_l2 x cat,AttackDRO++,AttackDROpp,1337,/content/drive/MyDrive/ardg_project/FINAL/attackdro++/attackdro_pp_anchor035_gradfp_online_k4_seed1337_best.pt
pgd_l2,4,deer,594,1000,0.594,59.4,pgd_l2 x deer,AttackDRO++,AttackDROpp,1337,/content/drive/MyDrive/ardg_project/FINAL/attackdro++/attackdro_pp_anchor035_gradfp_online_k4_seed1337_best.pt
pgd_l2,5,dog,568,1000,0.568,56.8,pgd_l2 x dog,AttackDRO++,AttackDROpp,1337,/content/drive/MyDrive/ardg_project/FINAL/attackdro++/attackdro_pp_anchor035_gradfp_online_k4_seed1337_best.pt
pgd_l2,6,frog,776,1000,0.776,77.60000000000001,pgd_l2 x frog,AttackDRO++,AttackDROpp,1337,/content/drive/MyDrive/ardg_project/FINAL/attackdro++/attackdro_pp_anchor035_gradfp_online_k4_seed1337_best.pt
pgd_l2,7,horse,780,1000,0.78,78.0,pgd_l2 x horse,AttackDRO++,AttackDROpp,1337,/content/drive/MyDrive/ardg_project/FINAL/attackdro++/attackdro_pp_anchor035_gradfp_online_k4_seed1337_best.pt
pgd_l2,8,ship,870,1000,0.87,87.0,pgd_l2 x ship,AttackDRO++,AttackDROpp,1337,/content/drive/MyDrive/ardg_project/FINAL/attackdro++/attackdro_pp_anchor035_gradfp_online_k4_seed1337_best.pt
pgd_l2,9,truck,819,1000,0.819,81.89999999999999,pgd_l2 x truck,AttackDRO++,AttackDROpp,1337,/content/drive/MyDrive/ardg_project/FINAL/attackdro++/attackdro_pp_anchor035_gradfp_online_k4_seed1337_best.pt
ddn_l2,0,airplane,745,1000,0.745,74.5,ddn_l2 x airplane,AttackDRO++,AttackDROpp,1337,/content/drive/MyDrive/ardg_project/FINAL/attackdro++/attackdro_pp_anchor035_gradfp_online_k4_seed1337_best.pt
ddn_l2,1,automobile,841,1000,0.841,84.1,ddn_l2 x automobile,AttackDRO++,AttackDROpp,1337,/content/drive/MyDrive/ardg_project/FINAL/attackdro++/attackdro_pp_anchor035_gradfp_online_k4_seed1337_best.pt
ddn_l2,2,bird,523,1000,0.523,52.300000000000004,ddn_l2 x bird,AttackDRO++,AttackDROpp,1337,/content/drive/MyDrive/ardg_project/FINAL/attackdro++/attackdro_pp_anchor035_gradfp_online_k4_seed1337_best.pt
ddn_l2,3,cat,385,1000,0.385,38.5,ddn_l2 x cat,AttackDRO++,AttackDROpp,1337,/content/drive/MyDrive/ardg_project/FINAL/attackdro++/attackdro_pp_anchor035_gradfp_online_k4_seed1337_best.pt
ddn_l2,4,deer,544,1000,0.544,54.400000000000006,ddn_l2 x deer,AttackDRO++,AttackDROpp,1337,/content/drive/MyDrive/ardg_project/FINAL/attackdro++/attackdro_pp_anchor035_gradfp_online_k4_seed1337_best.pt
ddn_l2,5,dog,546,1000,0.546,54.6,ddn_l2 x dog,AttackDRO++,AttackDROpp,1337,/content/drive/MyDrive/ardg_project/FINAL/attackdro++/attackdro_pp_anchor035_gradfp_online_k4_seed1337_best.pt
ddn_l2,6,frog,746,1000,0.746,74.6,ddn_l2 x frog,AttackDRO++,AttackDROpp,1337,/content/drive/MyDrive/ardg_project/FINAL/attackdro++/attackdro_pp_anchor035_gradfp_online_k4_seed1337_best.pt
ddn_l2,7,horse,765,1000,0.765,76.5,ddn_l2 x horse,AttackDRO++,AttackDROpp,1337,/content/drive/MyDrive/ardg_project/FINAL/attackdro++/attackdro_pp_anchor035_gradfp_online_k4_seed1337_best.pt
ddn_l2,8,ship,848,1000,0.848,84.8,ddn_l2 x ship,AttackDRO++,AttackDROpp,1337,/content/drive/MyDrive/ardg_project/FINAL/attackdro++/attackdro_pp_anchor035_gradfp_online_k4_seed1337_best.pt
ddn_l2,9,truck,805,1000,0.805,80.5,ddn_l2 x truck,AttackDRO++,AttackDROpp,1337,/content/drive/MyDrive/ardg_project/FINAL/attackdro++/attackdro_pp_anchor035_gradfp_online_k4_seed1337_best.pt
deepfool_l2,0,airplane,756,1000,0.756,75.6,deepfool_l2 x airplane,AttackDRO++,AttackDROpp,1337,/content/drive/MyDrive/ardg_project/FINAL/attackdro++/attackdro_pp_anchor035_gradfp_online_k4_seed1337_best.pt
deepfool_l2,1,automobile,856,1000,0.856,85.6,deepfool_l2 x automobile,AttackDRO++,AttackDROpp,1337,/content/drive/MyDrive/ardg_project/FINAL/attackdro++/attackdro_pp_anchor035_gradfp_online_k4_seed1337_best.pt
deepfool_l2,2,bird,537,1000,0.537,53.7,deepfool_l2 x bird,AttackDRO++,AttackDROpp,1337,/content/drive/MyDrive/ardg_project/FINAL/attackdro++/attackdro_pp_anchor035_gradfp_online_k4_seed1337_best.pt
deepfool_l2,3,cat,387,1000,0.387,38.7,deepfool_l2 x cat,AttackDRO++,AttackDROpp,1337,/content/drive/MyDrive/ardg_project/FINAL/attackdro++/attackdro_pp_anchor035_gradfp_online_k4_seed1337_best.pt
deepfool_l2,4,deer,545,1000,0.545,54.50000000000001,deepfool_l2 x deer,AttackDRO++,AttackDROpp,1337,/content/drive/MyDrive/ardg_project/FINAL/attackdro++/attackdro_pp_anchor035_gradfp_online_k4_seed1337_best.pt
deepfool_l2,5,dog,556,1000,0.556,55.60000000000001,deepfool_l2 x dog,AttackDRO++,AttackDROpp,1337,/content/drive/MyDrive/ardg_project/FINAL/attackdro++/attackdro_pp_anchor035_gradfp_online_k4_seed1337_best.pt
deepfool_l2,6,frog,750,1000,0.75,75.0,deepfool_l2 x frog,AttackDRO++,AttackDROpp,1337,/content/drive/MyDrive/ardg_project/FINAL/attackdro++/attackdro_pp_anchor035_gradfp_online_k4_seed1337_best.pt
deepfool_l2,7,horse,771,1000,0.771,77.10000000000001,deepfool_l2 x horse,AttackDRO++,AttackDROpp,1337,/content/drive/MyDrive/ardg_project/FINAL/attackdro++/attackdro_pp_anchor035_gradfp_online_k4_seed1337_best.pt
deepfool_l2,8,ship,862,1000,0.862,86.2,deepfool_l2 x ship,AttackDRO++,AttackDROpp,1337,/content/drive/MyDrive/ardg_project/FINAL/attackdro++/attackdro_pp_anchor035_gradfp_online_k4_seed1337_best.pt
deepfool_l2,9,truck,812,1000,0.812,81.2,deepfool_l2 x truck,AttackDRO++,AttackDROpp,1337,/content/drive/MyDrive/ardg_project/FINAL/attackdro++/attackdro_pp_anchor035_gradfp_online_k4_seed1337_best.pt
cw_l2,0,airplane,765,1000,0.765,76.5,cw_l2 x airplane,AttackDRO++,AttackDROpp,1337,/content/drive/MyDrive/ardg_project/FINAL/attackdro++/attackdro_pp_anchor035_gradfp_online_k4_seed1337_best.pt
cw_l2,1,automobile,856,1000,0.856,85.6,cw_l2 x automobile,AttackDRO++,AttackDROpp,1337,/content/drive/MyDrive/ardg_project/FINAL/attackdro++/attackdro_pp_anchor035_gradfp_online_k4_seed1337_best.pt
cw_l2,2,bird,525,1000,0.525,52.5,cw_l2 x bird,AttackDRO++,AttackDROpp,1337,/content/drive/MyDrive/ardg_project/FINAL/attackdro++/attackdro_pp_anchor035_gradfp_online_k4_seed1337_best.pt
cw_l2,3,cat,379,1000,0.379,37.9,cw_l2 x cat,AttackDRO++,AttackDROpp,1337,/content/drive/MyDrive/ardg_project/FINAL/attackdro++/attackdro_pp_anchor035_gradfp_online_k4_seed1337_best.pt
cw_l2,4,deer,538,1000,0.538,53.800000000000004,cw_l2 x deer,AttackDRO++,AttackDROpp,1337,/content/drive/MyDrive/ardg_project/FINAL/attackdro++/attackdro_pp_anchor035_gradfp_online_k4_seed1337_best.pt
cw_l2,5,dog,553,1000,0.553,55.300000000000004,cw_l2 x dog,AttackDRO++,AttackDROpp,1337,/content/drive/MyDrive/ardg_project/FINAL/attackdro++/attackdro_pp_anchor035_gradfp_online_k4_seed1337_best.pt
cw_l2,6,frog,745,1000,0.745,74.5,cw_l2 x frog,AttackDRO++,AttackDROpp,1337,/content/drive/MyDrive/ardg_project/FINAL/attackdro++/attackdro_pp_anchor035_gradfp_online_k4_seed1337_best.pt
cw_l2,7,horse,775,1000,0.775,77.5,cw_l2 x horse,AttackDRO++,AttackDROpp,1337,/content/drive/MyDrive/ardg_project/FINAL/attackdro++/attackdro_pp_anchor035_gradfp_online_k4_seed1337_best.pt
cw_l2,8,ship,863,1000,0.863,86.3,cw_l2 x ship,AttackDRO++,AttackDROpp,1337,/content/drive/MyDrive/ardg_project/FINAL/attackdro++/attackdro_pp_anchor035_gradfp_online_k4_seed1337_best.pt
cw_l2,9,truck,817,1000,0.817,81.69999999999999,cw_l2 x truck,AttackDRO++,AttackDROpp,1337,/content/drive/MyDrive/ardg_project/FINAL/attackdro++/attackdro_pp_anchor035_gradfp_online_k4_seed1337_best.pt
fgsm_rs,0,airplane,756,1000,0.756,75.6,fgsm_rs x airplane,AttackDRO++,AttackDROpp,7777,/content/drive/MyDrive/ardg_project/FINAL/attackdro++/attackdro_pp_anchor035_gradfp_online_k4_seed7777_best.pt
fgsm_rs,1,automobile,854,1000,0.854,85.39999999999999,fgsm_rs x automobile,AttackDRO++,AttackDROpp,7777,/content/drive/MyDrive/ardg_project/FINAL/attackdro++/attackdro_pp_anchor035_gradfp_online_k4_seed7777_best.pt
fgsm_rs,2,bird,528,1000,0.528,52.800000000000004,fgsm_rs x bird,AttackDRO++,AttackDROpp,7777,/content/drive/MyDrive/ardg_project/FINAL/attackdro++/attackdro_pp_anchor035_gradfp_online_k4_seed7777_best.pt
fgsm_rs,3,cat,381,1000,0.381,38.1,fgsm_rs x cat,AttackDRO++,AttackDROpp,7777,/content/drive/MyDrive/ardg_project/FINAL/attackdro++/attackdro_pp_anchor035_gradfp_online_k4_seed7777_best.pt
fgsm_rs,4,deer,560,1000,0.56,56.00000000000001,fgsm_rs x deer,AttackDRO++,AttackDROpp,7777,/content/drive/MyDrive/ardg_project/FINAL/attackdro++/attackdro_pp_anchor035_gradfp_online_k4_seed7777_best.pt
fgsm_rs,5,dog,567,1000,0.567,56.699999999999996,fgsm_rs x dog,AttackDRO++,AttackDROpp,7777,/content/drive/MyDrive/ardg_project/FINAL/attackdro++/attackdro_pp_anchor035_gradfp_online_k4_seed7777_best.pt
fgsm_rs,6,frog,770,1000,0.77,77.0,fgsm_rs x frog,AttackDRO++,AttackDROpp,7777,/content/drive/MyDrive/ardg_project/FINAL/attackdro++/attackdro_pp_anchor035_gradfp_online_k4_seed7777_best.pt
fgsm_rs,7,horse,775,1000,0.775,77.5,fgsm_rs x horse,AttackDRO++,AttackDROpp,7777,/content/drive/MyDrive/ardg_project/FINAL/attackdro++/attackdro_pp_anchor035_gradfp_online_k4_seed7777_best.pt
fgsm_rs,8,ship,845,1000,0.845,84.5,fgsm_rs x ship,AttackDRO++,AttackDROpp,7777,/content/drive/MyDrive/ardg_project/FINAL/attackdro++/attackdro_pp_anchor035_gradfp_online_k4_seed7777_best.pt
fgsm_rs,9,truck,808,1000,0.808,80.80000000000001,fgsm_rs x truck,AttackDRO++,AttackDROpp,7777,/content/drive/MyDrive/ardg_project/FINAL/attackdro++/attackdro_pp_anchor035_gradfp_online_k4_seed7777_best.pt
pgd20_ce,0,airplane,554,1000,0.554,55.400000000000006,pgd20_ce x airplane,AttackDRO++,AttackDROpp,7777,/content/drive/MyDrive/ardg_project/FINAL/attackdro++/attackdro_pp_anchor035_gradfp_online_k4_seed7777_best.pt
pgd20_ce,1,automobile,678,1000,0.678,67.80000000000001,pgd20_ce x automobile,AttackDRO++,AttackDROpp,7777,/content/drive/MyDrive/ardg_project/FINAL/attackdro++/attackdro_pp_anchor035_gradfp_online_k4_seed7777_best.pt
pgd20_ce,2,bird,294,1000,0.294,29.4,pgd20_ce x bird,AttackDRO++,AttackDROpp,7777,/content/drive/MyDrive/ardg_project/FINAL/attackdro++/attackdro_pp_anchor035_gradfp_online_k4_seed7777_best.pt
pgd20_ce,3,cat,157,1000,0.157,15.7,pgd20_ce x cat,AttackDRO++,AttackDROpp,7777,/content/drive/MyDrive/ardg_project/FINAL/attackdro++/attackdro_pp_anchor035_gradfp_online_k4_seed7777_best.pt
pgd20_ce,4,deer,223,1000,0.223,22.3,pgd20_ce x deer,AttackDRO++,AttackDROpp,7777,/content/drive/MyDrive/ardg_project/FINAL/attackdro++/attackdro_pp_anchor035_gradfp_online_k4_seed7777_best.pt
pgd20_ce,5,dog,370,1000,0.37,37.0,pgd20_ce x dog,AttackDRO++,AttackDROpp,7777,/content/drive/MyDrive/ardg_project/FINAL/attackdro++/attackdro_pp_anchor035_gradfp_online_k4_seed7777_best.pt
pgd20_ce,6,frog,491,1000,0.491,49.1,pgd20_ce x frog,AttackDRO++,AttackDROpp,7777,/content/drive/MyDrive/ardg_project/FINAL/attackdro++/attackdro_pp_anchor035_gradfp_online_k4_seed7777_best.pt
pgd20_ce,7,horse,575,1000,0.575,57.49999999999999,pgd20_ce x horse,AttackDRO++,AttackDROpp,7777,/content/drive/MyDrive/ardg_project/FINAL/attackdro++/attackdro_pp_anchor035_gradfp_online_k4_seed7777_best.pt
pgd20_ce,8,ship,628,1000,0.628,62.8,pgd20_ce x ship,AttackDRO++,AttackDROpp,7777,/content/drive/MyDrive/ardg_project/FINAL/attackdro++/attackdro_pp_anchor035_gradfp_online_k4_seed7777_best.pt
pgd20_ce,9,truck,587,1000,0.587,58.699999999999996,pgd20_ce x truck,AttackDRO++,AttackDROpp,7777,/content/drive/MyDrive/ardg_project/FINAL/attackdro++/attackdro_pp_anchor035_gradfp_online_k4_seed7777_best.pt
tpgd,0,airplane,750,1000,0.75,75.0,tpgd x airplane,AttackDRO++,AttackDROpp,7777,/content/drive/MyDrive/ardg_project/FINAL/attackdro++/attackdro_pp_anchor035_gradfp_online_k4_seed7777_best.pt
tpgd,1,automobile,835,1000,0.835,83.5,tpgd x automobile,AttackDRO++,AttackDROpp,7777,/content/drive/MyDrive/ardg_project/FINAL/attackdro++/attackdro_pp_anchor035_gradfp_online_k4_seed7777_best.pt
tpgd,2,bird,574,1000,0.574,57.4,tpgd x bird,AttackDRO++,AttackDROpp,7777,/content/drive/MyDrive/ardg_project/FINAL/attackdro++/attackdro_pp_anchor035_gradfp_online_k4_seed7777_best.pt
tpgd,3,cat,392,1000,0.392,39.2,tpgd x cat,AttackDRO++,AttackDROpp,7777,/content/drive/MyDrive/ardg_project/FINAL/attackdro++/attackdro_pp_anchor035_gradfp_online_k4_seed7777_best.pt
tpgd,4,deer,532,1000,0.532,53.2,tpgd x deer,AttackDRO++,AttackDROpp,7777,/content/drive/MyDrive/ardg_project/FINAL/attackdro++/attackdro_pp_anchor035_gradfp_online_k4_seed7777_best.pt
tpgd,5,dog,615,1000,0.615,61.5,tpgd x dog,AttackDRO++,AttackDROpp,7777,/content/drive/MyDrive/ardg_project/FINAL/attackdro++/attackdro_pp_anchor035_gradfp_online_k4_seed7777_best.pt
tpgd,6,frog,712,1000,0.712,71.2,tpgd x frog,AttackDRO++,AttackDROpp,7777,/content/drive/MyDrive/ardg_project/FINAL/attackdro++/attackdro_pp_anchor035_gradfp_online_k4_seed7777_best.pt
tpgd,7,horse,758,1000,0.758,75.8,tpgd x horse,AttackDRO++,AttackDROpp,7777,/content/drive/MyDrive/ardg_project/FINAL/attackdro++/attackdro_pp_anchor035_gradfp_online_k4_seed7777_best.pt
tpgd,8,ship,789,1000,0.789,78.9,tpgd x ship,AttackDRO++,AttackDROpp,7777,/content/drive/MyDrive/ardg_project/FINAL/attackdro++/attackdro_pp_anchor035_gradfp_online_k4_seed7777_best.pt
tpgd,9,truck,799,1000,0.799,79.9,tpgd x truck,AttackDRO++,AttackDROpp,7777,/content/drive/MyDrive/ardg_project/FINAL/attackdro++/attackdro_pp_anchor035_gradfp_online_k4_seed7777_best.pt
mifgsm,0,airplane,577,1000,0.577,57.699999999999996,mifgsm x airplane,AttackDRO++,AttackDROpp,7777,/content/drive/MyDrive/ardg_project/FINAL/attackdro++/attackdro_pp_anchor035_gradfp_online_k4_seed7777_best.pt
mifgsm,1,automobile,695,1000,0.695,69.5,mifgsm x automobile,AttackDRO++,AttackDROpp,7777,/content/drive/MyDrive/ardg_project/FINAL/attackdro++/attackdro_pp_anchor035_gradfp_online_k4_seed7777_best.pt
mifgsm,2,bird,313,1000,0.313,31.3,mifgsm x bird,AttackDRO++,AttackDROpp,7777,/content/drive/MyDrive/ardg_project/FINAL/attackdro++/attackdro_pp_anchor035_gradfp_online_k4_seed7777_best.pt
mifgsm,3,cat,167,1000,0.167,16.7,mifgsm x cat,AttackDRO++,AttackDROpp,7777,/content/drive/MyDrive/ardg_project/FINAL/attackdro++/attackdro_pp_anchor035_gradfp_online_k4_seed7777_best.pt
mifgsm,4,deer,258,1000,0.258,25.8,mifgsm x deer,AttackDRO++,AttackDROpp,7777,/content/drive/MyDrive/ardg_project/FINAL/attackdro++/attackdro_pp_anchor035_gradfp_online_k4_seed7777_best.pt
mifgsm,5,dog,385,1000,0.385,38.5,mifgsm x dog,AttackDRO++,AttackDROpp,7777,/content/drive/MyDrive/ardg_project/FINAL/attackdro++/attackdro_pp_anchor035_gradfp_online_k4_seed7777_best.pt
mifgsm,6,frog,519,1000,0.519,51.9,mifgsm x frog,AttackDRO++,AttackDROpp,7777,/content/drive/MyDrive/ardg_project/FINAL/attackdro++/attackdro_pp_anchor035_gradfp_online_k4_seed7777_best.pt
mifgsm,7,horse,597,1000,0.597,59.699999999999996,mifgsm x horse,AttackDRO++,AttackDROpp,7777,/content/drive/MyDrive/ardg_project/FINAL/attackdro++/attackdro_pp_anchor035_gradfp_online_k4_seed7777_best.pt
mifgsm,8,ship,652,1000,0.652,65.2,mifgsm x ship,AttackDRO++,AttackDROpp,7777,/content/drive/MyDrive/ardg_project/FINAL/attackdro++/attackdro_pp_anchor035_gradfp_online_k4_seed7777_best.pt
mifgsm,9,truck,606,1000,0.606,60.6,mifgsm x truck,AttackDRO++,AttackDROpp,7777,/content/drive/MyDrive/ardg_project/FINAL/attackdro++/attackdro_pp_anchor035_gradfp_online_k4_seed7777_best.pt
pgd_l2,0,airplane,755,1000,0.755,75.5,pgd_l2 x airplane,AttackDRO++,AttackDROpp,7777,/content/drive/MyDrive/ardg_project/FINAL/attackdro++/attackdro_pp_anchor035_gradfp_online_k4_seed7777_best.pt
pgd_l2,1,automobile,858,1000,0.858,85.8,pgd_l2 x automobile,AttackDRO++,AttackDROpp,7777,/content/drive/MyDrive/ardg_project/FINAL/attackdro++/attackdro_pp_anchor035_gradfp_online_k4_seed7777_best.pt
pgd_l2,2,bird,537,1000,0.537,53.7,pgd_l2 x bird,AttackDRO++,AttackDROpp,7777,/content/drive/MyDrive/ardg_project/FINAL/attackdro++/attackdro_pp_anchor035_gradfp_online_k4_seed7777_best.pt
pgd_l2,3,cat,407,1000,0.407,40.699999999999996,pgd_l2 x cat,AttackDRO++,AttackDROpp,7777,/content/drive/MyDrive/ardg_project/FINAL/attackdro++/attackdro_pp_anchor035_gradfp_online_k4_seed7777_best.pt
pgd_l2,4,deer,573,1000,0.573,57.3,pgd_l2 x deer,AttackDRO++,AttackDROpp,7777,/content/drive/MyDrive/ardg_project/FINAL/attackdro++/attackdro_pp_anchor035_gradfp_online_k4_seed7777_best.pt
pgd_l2,5,dog,576,1000,0.576,57.599999999999994,pgd_l2 x dog,AttackDRO++,AttackDROpp,7777,/content/drive/MyDrive/ardg_project/FINAL/attackdro++/attackdro_pp_anchor035_gradfp_online_k4_seed7777_best.pt
pgd_l2,6,frog,778,1000,0.778,77.8,pgd_l2 x frog,AttackDRO++,AttackDROpp,7777,/content/drive/MyDrive/ardg_project/FINAL/attackdro++/attackdro_pp_anchor035_gradfp_online_k4_seed7777_best.pt
pgd_l2,7,horse,786,1000,0.786,78.60000000000001,pgd_l2 x horse,AttackDRO++,AttackDROpp,7777,/content/drive/MyDrive/ardg_project/FINAL/attackdro++/attackdro_pp_anchor035_gradfp_online_k4_seed7777_best.pt
pgd_l2,8,ship,853,1000,0.853,85.3,pgd_l2 x ship,AttackDRO++,AttackDROpp,7777,/content/drive/MyDrive/ardg_project/FINAL/attackdro++/attackdro_pp_anchor035_gradfp_online_k4_seed7777_best.pt
pgd_l2,9,truck,811,1000,0.811,81.10000000000001,pgd_l2 x truck,AttackDRO++,AttackDROpp,7777,/content/drive/MyDrive/ardg_project/FINAL/attackdro++/attackdro_pp_anchor035_gradfp_online_k4_seed7777_best.pt
ddn_l2,0,airplane,733,1000,0.733,73.3,ddn_l2 x airplane,AttackDRO++,AttackDROpp,7777,/content/drive/MyDrive/ardg_project/FINAL/attackdro++/attackdro_pp_anchor035_gradfp_online_k4_seed7777_best.pt
ddn_l2,1,automobile,840,1000,0.84,84.0,ddn_l2 x automobile,AttackDRO++,AttackDROpp,7777,/content/drive/MyDrive/ardg_project/FINAL/attackdro++/attackdro_pp_anchor035_gradfp_online_k4_seed7777_best.pt
ddn_l2,2,bird,514,1000,0.514,51.4,ddn_l2 x bird,AttackDRO++,AttackDROpp,7777,/content/drive/MyDrive/ardg_project/FINAL/attackdro++/attackdro_pp_anchor035_gradfp_online_k4_seed7777_best.pt
ddn_l2,3,cat,365,1000,0.365,36.5,ddn_l2 x cat,AttackDRO++,AttackDROpp,7777,/content/drive/MyDrive/ardg_project/FINAL/attackdro++/attackdro_pp_anchor035_gradfp_online_k4_seed7777_best.pt
ddn_l2,4,deer,523,1000,0.523,52.300000000000004,ddn_l2 x deer,AttackDRO++,AttackDROpp,7777,/content/drive/MyDrive/ardg_project/FINAL/attackdro++/attackdro_pp_anchor035_gradfp_online_k4_seed7777_best.pt
ddn_l2,5,dog,562,1000,0.562,56.2,ddn_l2 x dog,AttackDRO++,AttackDROpp,7777,/content/drive/MyDrive/ardg_project/FINAL/attackdro++/attackdro_pp_anchor035_gradfp_online_k4_seed7777_best.pt
ddn_l2,6,frog,759,1000,0.759,75.9,ddn_l2 x frog,AttackDRO++,AttackDROpp,7777,/content/drive/MyDrive/ardg_project/FINAL/attackdro++/attackdro_pp_anchor035_gradfp_online_k4_seed7777_best.pt
ddn_l2,7,horse,772,1000,0.772,77.2,ddn_l2 x horse,AttackDRO++,AttackDROpp,7777,/content/drive/MyDrive/ardg_project/FINAL/attackdro++/attackdro_pp_anchor035_gradfp_online_k4_seed7777_best.pt
ddn_l2,8,ship,833,1000,0.833,83.3,ddn_l2 x ship,AttackDRO++,AttackDROpp,7777,/content/drive/MyDrive/ardg_project/FINAL/attackdro++/attackdro_pp_anchor035_gradfp_online_k4_seed7777_best.pt
ddn_l2,9,truck,791,1000,0.791,79.10000000000001,ddn_l2 x truck,AttackDRO++,AttackDROpp,7777,/content/drive/MyDrive/ardg_project/FINAL/attackdro++/attackdro_pp_anchor035_gradfp_online_k4_seed7777_best.pt
deepfool_l2,0,airplane,744,1000,0.744,74.4,deepfool_l2 x airplane,AttackDRO++,AttackDROpp,7777,/content/drive/MyDrive/ardg_project/FINAL/attackdro++/attackdro_pp_anchor035_gradfp_online_k4_seed7777_best.pt
deepfool_l2,1,automobile,848,1000,0.848,84.8,deepfool_l2 x automobile,AttackDRO++,AttackDROpp,7777,/content/drive/MyDrive/ardg_project/FINAL/attackdro++/attackdro_pp_anchor035_gradfp_online_k4_seed7777_best.pt
deepfool_l2,2,bird,534,1000,0.534,53.400000000000006,deepfool_l2 x bird,AttackDRO++,AttackDROpp,7777,/content/drive/MyDrive/ardg_project/FINAL/attackdro++/attackdro_pp_anchor035_gradfp_online_k4_seed7777_best.pt
deepfool_l2,3,cat,353,1000,0.353,35.3,deepfool_l2 x cat,AttackDRO++,AttackDROpp,7777,/content/drive/MyDrive/ardg_project/FINAL/attackdro++/attackdro_pp_anchor035_gradfp_online_k4_seed7777_best.pt
deepfool_l2,4,deer,523,1000,0.523,52.300000000000004,deepfool_l2 x deer,AttackDRO++,AttackDROpp,7777,/content/drive/MyDrive/ardg_project/FINAL/attackdro++/attackdro_pp_anchor035_gradfp_online_k4_seed7777_best.pt
deepfool_l2,5,dog,563,1000,0.563,56.3,deepfool_l2 x dog,AttackDRO++,AttackDROpp,7777,/content/drive/MyDrive/ardg_project/FINAL/attackdro++/attackdro_pp_anchor035_gradfp_online_k4_seed7777_best.pt
deepfool_l2,6,frog,758,1000,0.758,75.8,deepfool_l2 x frog,AttackDRO++,AttackDROpp,7777,/content/drive/MyDrive/ardg_project/FINAL/attackdro++/attackdro_pp_anchor035_gradfp_online_k4_seed7777_best.pt
deepfool_l2,7,horse,774,1000,0.774,77.4,deepfool_l2 x horse,AttackDRO++,AttackDROpp,7777,/content/drive/MyDrive/ardg_project/FINAL/attackdro++/attackdro_pp_anchor035_gradfp_online_k4_seed7777_best.pt
deepfool_l2,8,ship,838,1000,0.838,83.8,deepfool_l2 x ship,AttackDRO++,AttackDROpp,7777,/content/drive/MyDrive/ardg_project/FINAL/attackdro++/attackdro_pp_anchor035_gradfp_online_k4_seed7777_best.pt
deepfool_l2,9,truck,800,1000,0.8,80.0,deepfool_l2 x truck,AttackDRO++,AttackDROpp,7777,/content/drive/MyDrive/ardg_project/FINAL/attackdro++/attackdro_pp_anchor035_gradfp_online_k4_seed7777_best.pt
cw_l2,0,airplane,753,1000,0.753,75.3,cw_l2 x airplane,AttackDRO++,AttackDROpp,7777,/content/drive/MyDrive/ardg_project/FINAL/attackdro++/attackdro_pp_anchor035_gradfp_online_k4_seed7777_best.pt
cw_l2,1,automobile,852,1000,0.852,85.2,cw_l2 x automobile,AttackDRO++,AttackDROpp,7777,/content/drive/MyDrive/ardg_project/FINAL/attackdro++/attackdro_pp_anchor035_gradfp_online_k4_seed7777_best.pt
cw_l2,2,bird,517,1000,0.517,51.7,cw_l2 x bird,AttackDRO++,AttackDROpp,7777,/content/drive/MyDrive/ardg_project/FINAL/attackdro++/attackdro_pp_anchor035_gradfp_online_k4_seed7777_best.pt
cw_l2,3,cat,354,1000,0.354,35.4,cw_l2 x cat,AttackDRO++,AttackDROpp,7777,/content/drive/MyDrive/ardg_project/FINAL/attackdro++/attackdro_pp_anchor035_gradfp_online_k4_seed7777_best.pt
cw_l2,4,deer,509,1000,0.509,50.9,cw_l2 x deer,AttackDRO++,AttackDROpp,7777,/content/drive/MyDrive/ardg_project/FINAL/attackdro++/attackdro_pp_anchor035_gradfp_online_k4_seed7777_best.pt
cw_l2,5,dog,558,1000,0.558,55.800000000000004,cw_l2 x dog,AttackDRO++,AttackDROpp,7777,/content/drive/MyDrive/ardg_project/FINAL/attackdro++/attackdro_pp_anchor035_gradfp_online_k4_seed7777_best.pt
cw_l2,6,frog,753,1000,0.753,75.3,cw_l2 x frog,AttackDRO++,AttackDROpp,7777,/content/drive/MyDrive/ardg_project/FINAL/attackdro++/attackdro_pp_anchor035_gradfp_online_k4_seed7777_best.pt
cw_l2,7,horse,774,1000,0.774,77.4,cw_l2 x horse,AttackDRO++,AttackDROpp,7777,/content/drive/MyDrive/ardg_project/FINAL/attackdro++/attackdro_pp_anchor035_gradfp_online_k4_seed7777_best.pt
cw_l2,8,ship,849,1000,0.849,84.89999999999999,cw_l2 x ship,AttackDRO++,AttackDROpp,7777,/content/drive/MyDrive/ardg_project/FINAL/attackdro++/attackdro_pp_anchor035_gradfp_online_k4_seed7777_best.pt
cw_l2,9,truck,807,1000,0.807,80.7,cw_l2 x truck,AttackDRO++,AttackDROpp,7777,/content/drive/MyDrive/ardg_project/FINAL/attackdro++/attackdro_pp_anchor035_gradfp_online_k4_seed7777_best.pt
fgsm_rs,0,airplane,758,1000,0.758,75.8,fgsm_rs x airplane,AttackDRO++,AttackDROpp,12345,/content/drive/MyDrive/ardg_project/FINAL/attackdro++/attackdro_pp_anchor035_gradfp_online_k4_seed12345_best.pt
fgsm_rs,1,automobile,859,1000,0.859,85.9,fgsm_rs x automobile,AttackDRO++,AttackDROpp,12345,/content/drive/MyDrive/ardg_project/FINAL/attackdro++/attackdro_pp_anchor035_gradfp_online_k4_seed12345_best.pt
fgsm_rs,2,bird,551,1000,0.551,55.1,fgsm_rs x bird,AttackDRO++,AttackDROpp,12345,/content/drive/MyDrive/ardg_project/FINAL/attackdro++/attackdro_pp_anchor035_gradfp_online_k4_seed12345_best.pt
fgsm_rs,3,cat,418,1000,0.418,41.8,fgsm_rs x cat,AttackDRO++,AttackDROpp,12345,/content/drive/MyDrive/ardg_project/FINAL/attackdro++/attackdro_pp_anchor035_gradfp_online_k4_seed12345_best.pt
fgsm_rs,4,deer,566,1000,0.566,56.599999999999994,fgsm_rs x deer,AttackDRO++,AttackDROpp,12345,/content/drive/MyDrive/ardg_project/FINAL/attackdro++/attackdro_pp_anchor035_gradfp_online_k4_seed12345_best.pt
fgsm_rs,5,dog,567,1000,0.567,56.699999999999996,fgsm_rs x dog,AttackDRO++,AttackDROpp,12345,/content/drive/MyDrive/ardg_project/FINAL/attackdro++/attackdro_pp_anchor035_gradfp_online_k4_seed12345_best.pt
fgsm_rs,6,frog,749,1000,0.749,74.9,fgsm_rs x frog,AttackDRO++,AttackDROpp,12345,/content/drive/MyDrive/ardg_project/FINAL/attackdro++/attackdro_pp_anchor035_gradfp_online_k4_seed12345_best.pt
fgsm_rs,7,horse,785,1000,0.785,78.5,fgsm_rs x horse,AttackDRO++,AttackDROpp,12345,/content/drive/MyDrive/ardg_project/FINAL/attackdro++/attackdro_pp_anchor035_gradfp_online_k4_seed12345_best.pt
fgsm_rs,8,ship,862,1000,0.862,86.2,fgsm_rs x ship,AttackDRO++,AttackDROpp,12345,/content/drive/MyDrive/ardg_project/FINAL/attackdro++/attackdro_pp_anchor035_gradfp_online_k4_seed12345_best.pt
fgsm_rs,9,truck,813,1000,0.813,81.3,fgsm_rs x truck,AttackDRO++,AttackDROpp,12345,/content/drive/MyDrive/ardg_project/FINAL/attackdro++/attackdro_pp_anchor035_gradfp_online_k4_seed12345_best.pt
pgd20_ce,0,airplane,541,1000,0.541,54.1,pgd20_ce x airplane,AttackDRO++,AttackDROpp,12345,/content/drive/MyDrive/ardg_project/FINAL/attackdro++/attackdro_pp_anchor035_gradfp_online_k4_seed12345_best.pt
pgd20_ce,1,automobile,666,1000,0.666,66.60000000000001,pgd20_ce x automobile,AttackDRO++,AttackDROpp,12345,/content/drive/MyDrive/ardg_project/FINAL/attackdro++/attackdro_pp_anchor035_gradfp_online_k4_seed12345_best.pt
pgd20_ce,2,bird,296,1000,0.296,29.599999999999998,pgd20_ce x bird,AttackDRO++,AttackDROpp,12345,/content/drive/MyDrive/ardg_project/FINAL/attackdro++/attackdro_pp_anchor035_gradfp_online_k4_seed12345_best.pt
pgd20_ce,3,cat,165,1000,0.165,16.5,pgd20_ce x cat,AttackDRO++,AttackDROpp,12345,/content/drive/MyDrive/ardg_project/FINAL/attackdro++/attackdro_pp_anchor035_gradfp_online_k4_seed12345_best.pt
pgd20_ce,4,deer,221,1000,0.221,22.1,pgd20_ce x deer,AttackDRO++,AttackDROpp,12345,/content/drive/MyDrive/ardg_project/FINAL/attackdro++/attackdro_pp_anchor035_gradfp_online_k4_seed12345_best.pt
pgd20_ce,5,dog,334,1000,0.334,33.4,pgd20_ce x dog,AttackDRO++,AttackDROpp,12345,/content/drive/MyDrive/ardg_project/FINAL/attackdro++/attackdro_pp_anchor035_gradfp_online_k4_seed12345_best.pt
pgd20_ce,6,frog,438,1000,0.438,43.8,pgd20_ce x frog,AttackDRO++,AttackDROpp,12345,/content/drive/MyDrive/ardg_project/FINAL/attackdro++/attackdro_pp_anchor035_gradfp_online_k4_seed12345_best.pt
pgd20_ce,7,horse,587,1000,0.587,58.699999999999996,pgd20_ce x horse,AttackDRO++,AttackDROpp,12345,/content/drive/MyDrive/ardg_project/FINAL/attackdro++/attackdro_pp_anchor035_gradfp_online_k4_seed12345_best.pt
pgd20_ce,8,ship,621,1000,0.621,62.1,pgd20_ce x ship,AttackDRO++,AttackDROpp,12345,/content/drive/MyDrive/ardg_project/FINAL/attackdro++/attackdro_pp_anchor035_gradfp_online_k4_seed12345_best.pt
pgd20_ce,9,truck,608,1000,0.608,60.8,pgd20_ce x truck,AttackDRO++,AttackDROpp,12345,/content/drive/MyDrive/ardg_project/FINAL/attackdro++/attackdro_pp_anchor035_gradfp_online_k4_seed12345_best.pt
tpgd,0,airplane,744,1000,0.744,74.4,tpgd x airplane,AttackDRO++,AttackDROpp,12345,/content/drive/MyDrive/ardg_project/FINAL/attackdro++/attackdro_pp_anchor035_gradfp_online_k4_seed12345_best.pt
tpgd,1,automobile,832,1000,0.832,83.2,tpgd x automobile,AttackDRO++,AttackDROpp,12345,/content/drive/MyDrive/ardg_project/FINAL/attackdro++/attackdro_pp_anchor035_gradfp_online_k4_seed12345_best.pt
tpgd,2,bird,578,1000,0.578,57.8,tpgd x bird,AttackDRO++,AttackDROpp,12345,/content/drive/MyDrive/ardg_project/FINAL/attackdro++/attackdro_pp_anchor035_gradfp_online_k4_seed12345_best.pt
tpgd,3,cat,403,1000,0.403,40.300000000000004,tpgd x cat,AttackDRO++,AttackDROpp,12345,/content/drive/MyDrive/ardg_project/FINAL/attackdro++/attackdro_pp_anchor035_gradfp_online_k4_seed12345_best.pt
tpgd,4,deer,534,1000,0.534,53.400000000000006,tpgd x deer,AttackDRO++,AttackDROpp,12345,/content/drive/MyDrive/ardg_project/FINAL/attackdro++/attackdro_pp_anchor035_gradfp_online_k4_seed12345_best.pt
tpgd,5,dog,577,1000,0.577,57.699999999999996,tpgd x dog,AttackDRO++,AttackDROpp,12345,/content/drive/MyDrive/ardg_project/FINAL/attackdro++/attackdro_pp_anchor035_gradfp_online_k4_seed12345_best.pt
tpgd,6,frog,706,1000,0.706,70.6,tpgd x frog,AttackDRO++,AttackDROpp,12345,/content/drive/MyDrive/ardg_project/FINAL/attackdro++/attackdro_pp_anchor035_gradfp_online_k4_seed12345_best.pt
tpgd,7,horse,770,1000,0.77,77.0,tpgd x horse,AttackDRO++,AttackDROpp,12345,/content/drive/MyDrive/ardg_project/FINAL/attackdro++/attackdro_pp_anchor035_gradfp_online_k4_seed12345_best.pt
tpgd,8,ship,795,1000,0.795,79.5,tpgd x ship,AttackDRO++,AttackDROpp,12345,/content/drive/MyDrive/ardg_project/FINAL/attackdro++/attackdro_pp_anchor035_gradfp_online_k4_seed12345_best.pt
tpgd,9,truck,778,1000,0.778,77.8,tpgd x truck,AttackDRO++,AttackDROpp,12345,/content/drive/MyDrive/ardg_project/FINAL/attackdro++/attackdro_pp_anchor035_gradfp_online_k4_seed12345_best.pt
mifgsm,0,airplane,557,1000,0.557,55.7,mifgsm x airplane,AttackDRO++,AttackDROpp,12345,/content/drive/MyDrive/ardg_project/FINAL/attackdro++/attackdro_pp_anchor035_gradfp_online_k4_seed12345_best.pt
mifgsm,1,automobile,681,1000,0.681,68.10000000000001,mifgsm x automobile,AttackDRO++,AttackDROpp,12345,/content/drive/MyDrive/ardg_project/FINAL/attackdro++/attackdro_pp_anchor035_gradfp_online_k4_seed12345_best.pt
mifgsm,2,bird,319,1000,0.319,31.900000000000002,mifgsm x bird,AttackDRO++,AttackDROpp,12345,/content/drive/MyDrive/ardg_project/FINAL/attackdro++/attackdro_pp_anchor035_gradfp_online_k4_seed12345_best.pt
mifgsm,3,cat,194,1000,0.194,19.400000000000002,mifgsm x cat,AttackDRO++,AttackDROpp,12345,/content/drive/MyDrive/ardg_project/FINAL/attackdro++/attackdro_pp_anchor035_gradfp_online_k4_seed12345_best.pt
mifgsm,4,deer,262,1000,0.262,26.200000000000003,mifgsm x deer,AttackDRO++,AttackDROpp,12345,/content/drive/MyDrive/ardg_project/FINAL/attackdro++/attackdro_pp_anchor035_gradfp_online_k4_seed12345_best.pt
mifgsm,5,dog,352,1000,0.352,35.199999999999996,mifgsm x dog,AttackDRO++,AttackDROpp,12345,/content/drive/MyDrive/ardg_project/FINAL/attackdro++/attackdro_pp_anchor035_gradfp_online_k4_seed12345_best.pt
mifgsm,6,frog,471,1000,0.471,47.099999999999994,mifgsm x frog,AttackDRO++,AttackDROpp,12345,/content/drive/MyDrive/ardg_project/FINAL/attackdro++/attackdro_pp_anchor035_gradfp_online_k4_seed12345_best.pt
mifgsm,7,horse,617,1000,0.617,61.7,mifgsm x horse,AttackDRO++,AttackDROpp,12345,/content/drive/MyDrive/ardg_project/FINAL/attackdro++/attackdro_pp_anchor035_gradfp_online_k4_seed12345_best.pt
mifgsm,8,ship,652,1000,0.652,65.2,mifgsm x ship,AttackDRO++,AttackDROpp,12345,/content/drive/MyDrive/ardg_project/FINAL/attackdro++/attackdro_pp_anchor035_gradfp_online_k4_seed12345_best.pt
mifgsm,9,truck,631,1000,0.631,63.1,mifgsm x truck,AttackDRO++,AttackDROpp,12345,/content/drive/MyDrive/ardg_project/FINAL/attackdro++/attackdro_pp_anchor035_gradfp_online_k4_seed12345_best.pt
pgd_l2,0,airplane,751,1000,0.751,75.1,pgd_l2 x airplane,AttackDRO++,AttackDROpp,12345,/content/drive/MyDrive/ardg_project/FINAL/attackdro++/attackdro_pp_anchor035_gradfp_online_k4_seed12345_best.pt
pgd_l2,1,automobile,858,1000,0.858,85.8,pgd_l2 x automobile,AttackDRO++,AttackDROpp,12345,/content/drive/MyDrive/ardg_project/FINAL/attackdro++/attackdro_pp_anchor035_gradfp_online_k4_seed12345_best.pt
pgd_l2,2,bird,566,1000,0.566,56.599999999999994,pgd_l2 x bird,AttackDRO++,AttackDROpp,12345,/content/drive/MyDrive/ardg_project/FINAL/attackdro++/attackdro_pp_anchor035_gradfp_online_k4_seed12345_best.pt
pgd_l2,3,cat,430,1000,0.43,43.0,pgd_l2 x cat,AttackDRO++,AttackDROpp,12345,/content/drive/MyDrive/ardg_project/FINAL/attackdro++/attackdro_pp_anchor035_gradfp_online_k4_seed12345_best.pt
pgd_l2,4,deer,589,1000,0.589,58.9,pgd_l2 x deer,AttackDRO++,AttackDROpp,12345,/content/drive/MyDrive/ardg_project/FINAL/attackdro++/attackdro_pp_anchor035_gradfp_online_k4_seed12345_best.pt
pgd_l2,5,dog,569,1000,0.569,56.89999999999999,pgd_l2 x dog,AttackDRO++,AttackDROpp,12345,/content/drive/MyDrive/ardg_project/FINAL/attackdro++/attackdro_pp_anchor035_gradfp_online_k4_seed12345_best.pt
pgd_l2,6,frog,760,1000,0.76,76.0,pgd_l2 x frog,AttackDRO++,AttackDROpp,12345,/content/drive/MyDrive/ardg_project/FINAL/attackdro++/attackdro_pp_anchor035_gradfp_online_k4_seed12345_best.pt
pgd_l2,7,horse,792,1000,0.792,79.2,pgd_l2 x horse,AttackDRO++,AttackDROpp,12345,/content/drive/MyDrive/ardg_project/FINAL/attackdro++/attackdro_pp_anchor035_gradfp_online_k4_seed12345_best.pt
pgd_l2,8,ship,866,1000,0.866,86.6,pgd_l2 x ship,AttackDRO++,AttackDROpp,12345,/content/drive/MyDrive/ardg_project/FINAL/attackdro++/attackdro_pp_anchor035_gradfp_online_k4_seed12345_best.pt
pgd_l2,9,truck,815,1000,0.815,81.5,pgd_l2 x truck,AttackDRO++,AttackDROpp,12345,/content/drive/MyDrive/ardg_project/FINAL/attackdro++/attackdro_pp_anchor035_gradfp_online_k4_seed12345_best.pt
ddn_l2,0,airplane,720,1000,0.72,72.0,ddn_l2 x airplane,AttackDRO++,AttackDROpp,12345,/content/drive/MyDrive/ardg_project/FINAL/attackdro++/attackdro_pp_anchor035_gradfp_online_k4_seed12345_best.pt
ddn_l2,1,automobile,844,1000,0.844,84.39999999999999,ddn_l2 x automobile,AttackDRO++,AttackDROpp,12345,/content/drive/MyDrive/ardg_project/FINAL/attackdro++/attackdro_pp_anchor035_gradfp_online_k4_seed12345_best.pt
ddn_l2,2,bird,531,1000,0.531,53.1,ddn_l2 x bird,AttackDRO++,AttackDROpp,12345,/content/drive/MyDrive/ardg_project/FINAL/attackdro++/attackdro_pp_anchor035_gradfp_online_k4_seed12345_best.pt
ddn_l2,3,cat,382,1000,0.382,38.2,ddn_l2 x cat,AttackDRO++,AttackDROpp,12345,/content/drive/MyDrive/ardg_project/FINAL/attackdro++/attackdro_pp_anchor035_gradfp_online_k4_seed12345_best.pt
ddn_l2,4,deer,535,1000,0.535,53.5,ddn_l2 x deer,AttackDRO++,AttackDROpp,12345,/content/drive/MyDrive/ardg_project/FINAL/attackdro++/attackdro_pp_anchor035_gradfp_online_k4_seed12345_best.pt
ddn_l2,5,dog,542,1000,0.542,54.2,ddn_l2 x dog,AttackDRO++,AttackDROpp,12345,/content/drive/MyDrive/ardg_project/FINAL/attackdro++/attackdro_pp_anchor035_gradfp_online_k4_seed12345_best.pt
ddn_l2,6,frog,732,1000,0.732,73.2,ddn_l2 x frog,AttackDRO++,AttackDROpp,12345,/content/drive/MyDrive/ardg_project/FINAL/attackdro++/attackdro_pp_anchor035_gradfp_online_k4_seed12345_best.pt
ddn_l2,7,horse,779,1000,0.779,77.9,ddn_l2 x horse,AttackDRO++,AttackDROpp,12345,/content/drive/MyDrive/ardg_project/FINAL/attackdro++/attackdro_pp_anchor035_gradfp_online_k4_seed12345_best.pt
ddn_l2,8,ship,847,1000,0.847,84.7,ddn_l2 x ship,AttackDRO++,AttackDROpp,12345,/content/drive/MyDrive/ardg_project/FINAL/attackdro++/attackdro_pp_anchor035_gradfp_online_k4_seed12345_best.pt
ddn_l2,9,truck,797,1000,0.797,79.7,ddn_l2 x truck,AttackDRO++,AttackDROpp,12345,/content/drive/MyDrive/ardg_project/FINAL/attackdro++/attackdro_pp_anchor035_gradfp_online_k4_seed12345_best.pt
deepfool_l2,0,airplane,741,1000,0.741,74.1,deepfool_l2 x airplane,AttackDRO++,AttackDROpp,12345,/content/drive/MyDrive/ardg_project/FINAL/attackdro++/attackdro_pp_anchor035_gradfp_online_k4_seed12345_best.pt
deepfool_l2,1,automobile,849,1000,0.849,84.89999999999999,deepfool_l2 x automobile,AttackDRO++,AttackDROpp,12345,/content/drive/MyDrive/ardg_project/FINAL/attackdro++/attackdro_pp_anchor035_gradfp_online_k4_seed12345_best.pt
deepfool_l2,2,bird,540,1000,0.54,54.0,deepfool_l2 x bird,AttackDRO++,AttackDROpp,12345,/content/drive/MyDrive/ardg_project/FINAL/attackdro++/attackdro_pp_anchor035_gradfp_online_k4_seed12345_best.pt
deepfool_l2,3,cat,388,1000,0.388,38.800000000000004,deepfool_l2 x cat,AttackDRO++,AttackDROpp,12345,/content/drive/MyDrive/ardg_project/FINAL/attackdro++/attackdro_pp_anchor035_gradfp_online_k4_seed12345_best.pt
deepfool_l2,4,deer,545,1000,0.545,54.50000000000001,deepfool_l2 x deer,AttackDRO++,AttackDROpp,12345,/content/drive/MyDrive/ardg_project/FINAL/attackdro++/attackdro_pp_anchor035_gradfp_online_k4_seed12345_best.pt
deepfool_l2,5,dog,552,1000,0.552,55.2,deepfool_l2 x dog,AttackDRO++,AttackDROpp,12345,/content/drive/MyDrive/ardg_project/FINAL/attackdro++/attackdro_pp_anchor035_gradfp_online_k4_seed12345_best.pt
deepfool_l2,6,frog,738,1000,0.738,73.8,deepfool_l2 x frog,AttackDRO++,AttackDROpp,12345,/content/drive/MyDrive/ardg_project/FINAL/attackdro++/attackdro_pp_anchor035_gradfp_online_k4_seed12345_best.pt
deepfool_l2,7,horse,788,1000,0.788,78.8,deepfool_l2 x horse,AttackDRO++,AttackDROpp,12345,/content/drive/MyDrive/ardg_project/FINAL/attackdro++/attackdro_pp_anchor035_gradfp_online_k4_seed12345_best.pt
deepfool_l2,8,ship,858,1000,0.858,85.8,deepfool_l2 x ship,AttackDRO++,AttackDROpp,12345,/content/drive/MyDrive/ardg_project/FINAL/attackdro++/attackdro_pp_anchor035_gradfp_online_k4_seed12345_best.pt
deepfool_l2,9,truck,811,1000,0.811,81.10000000000001,deepfool_l2 x truck,AttackDRO++,AttackDROpp,12345,/content/drive/MyDrive/ardg_project/FINAL/attackdro++/attackdro_pp_anchor035_gradfp_online_k4_seed12345_best.pt
cw_l2,0,airplane,749,1000,0.749,74.9,cw_l2 x airplane,AttackDRO++,AttackDROpp,12345,/content/drive/MyDrive/ardg_project/FINAL/attackdro++/attackdro_pp_anchor035_gradfp_online_k4_seed12345_best.pt
cw_l2,1,automobile,854,1000,0.854,85.39999999999999,cw_l2 x automobile,AttackDRO++,AttackDROpp,12345,/content/drive/MyDrive/ardg_project/FINAL/attackdro++/attackdro_pp_anchor035_gradfp_online_k4_seed12345_best.pt
cw_l2,2,bird,538,1000,0.538,53.800000000000004,cw_l2 x bird,AttackDRO++,AttackDROpp,12345,/content/drive/MyDrive/ardg_project/FINAL/attackdro++/attackdro_pp_anchor035_gradfp_online_k4_seed12345_best.pt
cw_l2,3,cat,385,1000,0.385,38.5,cw_l2 x cat,AttackDRO++,AttackDROpp,12345,/content/drive/MyDrive/ardg_project/FINAL/attackdro++/attackdro_pp_anchor035_gradfp_online_k4_seed12345_best.pt
cw_l2,4,deer,535,1000,0.535,53.5,cw_l2 x deer,AttackDRO++,AttackDROpp,12345,/content/drive/MyDrive/ardg_project/FINAL/attackdro++/attackdro_pp_anchor035_gradfp_online_k4_seed12345_best.pt
cw_l2,5,dog,551,1000,0.551,55.1,cw_l2 x dog,AttackDRO++,AttackDROpp,12345,/content/drive/MyDrive/ardg_project/FINAL/attackdro++/attackdro_pp_anchor035_gradfp_online_k4_seed12345_best.pt
cw_l2,6,frog,733,1000,0.733,73.3,cw_l2 x frog,AttackDRO++,AttackDROpp,12345,/content/drive/MyDrive/ardg_project/FINAL/attackdro++/attackdro_pp_anchor035_gradfp_online_k4_seed12345_best.pt
cw_l2,7,horse,787,1000,0.787,78.7,cw_l2 x horse,AttackDRO++,AttackDROpp,12345,/content/drive/MyDrive/ardg_project/FINAL/attackdro++/attackdro_pp_anchor035_gradfp_online_k4_seed12345_best.pt
cw_l2,8,ship,861,1000,0.861,86.1,cw_l2 x ship,AttackDRO++,AttackDROpp,12345,/content/drive/MyDrive/ardg_project/FINAL/attackdro++/attackdro_pp_anchor035_gradfp_online_k4_seed12345_best.pt
cw_l2,9,truck,813,1000,0.813,81.3,cw_l2 x truck,AttackDRO++,AttackDROpp,12345,/content/drive/MyDrive/ardg_project/FINAL/attackdro++/attackdro_pp_anchor035_gradfp_online_k4_seed12345_best.pt
